City_ID,City,Country,Date,Lat,Lng,Max Temp,Humidity,Cloudiness,Wind Speed
0,Rikitea,PF,2022-03-16 14:37:56,-23.1203,-134.9692,79.77,79,83,23.58
1,Hermanus,ZA,2022-03-16 14:41:28,-34.4187,19.2345,76.8,57,0,20.62
2,East London,ZA,2022-03-16 14:36:51,-33.0153,27.9116,74.34,64,0,11.5
3,Punta Arenas,CL,2022-03-16 14:41:29,-53.15,-70.9167,50.11,71,75,8.05
4,Ushuaia,AR,2022-03-16 14:37:46,-54.8,-68.3,40.62,87,75,1.14
5,Mahebourg,MU,2022-03-16 14:41:29,-20.4081,57.7,82.69,83,40,3.44
6,Albany,US,2022-03-16 14:41:30,42.6001,-73.9662,47.64,76,49,4.05
7,Ilulissat,GL,2022-03-16 14:37:53,69.2167,-51.1,-3.98,50,75,17.27
8,Sao Filipe,CV,2022-03-16 14:41:30,14.8961,-24.4956,70.27,71,3,10.58
9,Talara,PE,2022-03-16 14:41:31,-4.5772,-81.2719,81.36,57,0,9.22
10,Bluff,NZ,2022-03-16 14:41:31,-46.6,168.3333,44.8,85,87,12.37
11,Tadine,NC,2022-03-16 14:41:31,-21.55,167.8833,78.78,88,100,7.7
12,Butaritari,KI,2022-03-16 14:41:32,3.0707,172.7902,81.48,77,20,19.8
13,Khatanga,RU,2022-03-16 14:41:32,71.9667,102.5,-19.35,93,25,7.92
14,Nikolskoye,RU,2022-03-16 14:41:32,59.7035,30.7861,42.69,81,100,4.47
15,Hilo,US,2022-03-16 14:36:55,19.7297,-155.09,73.13,97,100,4.0
16,Namatanai,PG,2022-03-16 14:41:33,-3.6667,152.4333,78.85,84,74,7.76
17,Nishihara,JP,2022-03-16 14:41:33,26.1842,127.7558,71.65,81,75,12.66
18,Puerto Ayora,EC,2022-03-16 14:41:34,-0.7393,-90.3518,81.55,85,67,1.99
19,Lorengau,PG,2022-03-16 14:41:34,-2.0226,147.2712,82.2,79,100,8.39
20,Povenets,RU,2022-03-16 14:41:34,62.8487,34.8262,30.69,90,100,6.73
21,Bathsheba,BB,2022-03-16 14:41:35,13.2167,-59.5167,83.01,54,40,25.32
22,Melhus,NO,2022-03-16 14:41:35,63.2855,10.2781,49.66,46,100,4.43
23,Barrow,US,2022-03-16 14:38:42,71.2906,-156.7887,-7.58,84,100,9.22
24,Mataura,NZ,2022-03-16 14:41:36,-46.1927,168.8643,44.47,99,82,2.37
25,San Jeronimo,PE,2022-03-16 14:41:36,-11.9472,-75.2829,53.78,66,54,1.16
26,Tuatapere,NZ,2022-03-16 14:41:36,-46.1333,167.6833,45.21,96,82,3.67
27,Prainha,BR,2022-03-16 14:41:37,-1.8,-53.48,83.28,65,100,3.38
28,Belfast,GB,2022-03-16 14:41:32,54.5833,-5.9333,49.37,50,20,9.22
29,Vaini,TO,2022-03-16 14:41:37,-21.2,-175.2,77.16,100,100,4.61
30,Thompson,CA,2022-03-16 14:41:37,55.7435,-97.8558,-0.24,78,100,0.0
31,Busselton,AU,2022-03-16 14:41:38,-33.65,115.3333,67.73,83,85,5.55
32,Saskylakh,RU,2022-03-16 14:41:38,71.9167,114.0833,-23.1,100,92,5.55
33,Dingle,PH,2022-03-16 14:41:38,10.9995,122.6711,78.53,86,81,6.49
34,Rorvik,NO,2022-03-16 14:41:39,64.8621,11.2373,46.38,73,100,15.57
35,Iqaluit,CA,2022-03-16 14:41:39,63.7506,-68.5145,-6.07,69,100,3.44
36,Guerrero Negro,MX,2022-03-16 14:41:40,27.9769,-114.0611,60.28,83,2,11.79
37,Tiksi,RU,2022-03-16 14:41:40,71.6872,128.8694,-12.37,97,100,10.22
38,Avarua,CK,2022-03-16 14:41:40,-21.2078,-159.775,71.65,100,6,2.3
39,Carlyle,US,2022-03-16 14:41:41,38.6103,-89.3726,60.03,71,0,1.01
40,Bethel,US,2022-03-16 14:41:41,41.3712,-73.414,54.57,73,0,3.44
41,Provideniya,RU,2022-03-16 14:41:41,64.3833,-173.3,1.15,76,3,4.61
42,Camacha,PT,2022-03-16 14:41:42,33.0833,-16.3333,62.02,55,40,21.85
43,Siva,EG,2022-03-16 14:41:42,29.2041,25.5195,63.7,29,0,5.88
44,Souillac,MU,2022-03-16 14:41:43,-20.5167,57.5167,82.78,83,40,3.44
45,Tuktoyaktuk,CA,2022-03-16 14:41:43,69.4541,-133.0374,-20.2,69,20,13.8
46,Saint-Philippe,RE,2022-03-16 14:42:43,-21.3585,55.7679,81.99,88,86,8.77
47,Hasaki,JP,2022-03-16 14:42:44,35.7333,140.8333,46.8,86,1,16.98
48,Carnarvon,AU,2022-03-16 14:42:44,-24.8667,113.6333,77.07,73,64,20.71
49,Cape Town,ZA,2022-03-16 14:42:12,-33.9258,18.4232,79.11,50,20,25.32
50,Victoria,HK,2022-03-16 14:40:59,22.2855,114.1577,74.17,90,100,20.0
51,Buraydah,SA,2022-03-16 14:42:45,26.326,43.975,61.25,21,0,14.03
52,Lasa,IT,2022-03-16 14:42:45,46.6166,10.7002,61.68,80,9,4.0
53,Santa Cruz Del Sur,CU,2022-03-16 14:42:45,20.7147,-77.9956,82.4,63,4,14.41
54,Yellowknife,CA,2022-03-16 14:42:46,62.456,-114.3525,-6.45,91,75,8.05
55,Hobart,AU,2022-03-16 14:40:18,-42.8794,147.3294,64.26,89,100,6.91
56,Jamestown,US,2022-03-16 14:42:46,42.097,-79.2353,49.17,64,0,6.91
57,Barpali,IN,2022-03-16 14:42:47,21.2,83.5833,86.0,19,23,4.65
58,Kautokeino,NO,2022-03-16 14:42:47,69.0125,23.0412,20.21,92,48,7.96
59,Nakhon Thai,TH,2022-03-16 14:42:48,17.1006,100.8374,85.68,44,16,1.48
60,Rokupr,SL,2022-03-16 14:42:48,8.6717,-12.395,103.68,24,88,1.1
61,Sakaiminato,JP,2022-03-16 14:42:48,35.55,133.2333,48.18,93,75,6.91
62,Puerto Suarez,BO,2022-03-16 14:42:49,-18.95,-57.8,81.16,69,0,3.44
63,Pokhara,NP,2022-03-16 14:42:49,28.2333,83.9833,70.29,39,1,5.97
64,Portland,US,2022-03-16 14:40:46,45.5234,-122.6762,44.53,91,75,4.0
65,Hami,CN,2022-03-16 14:42:49,42.8,93.45,49.95,29,90,5.37
66,Bayir,TR,2022-03-16 14:42:50,37.2687,28.2167,48.72,52,65,4.61
67,San Quintin,MX,2022-03-16 14:42:50,30.4833,-115.95,58.98,86,2,9.62
68,Kloulklubed,PW,2022-03-16 14:42:51,7.0419,134.2556,77.5,79,99,14.03
69,Cherskiy,RU,2022-03-16 14:42:51,68.75,161.3,-21.57,100,82,4.45
70,Touros,BR,2022-03-16 14:42:51,-5.1989,-35.4608,86.52,64,55,12.06
71,Castro,BR,2022-03-16 14:42:52,-24.7911,-50.0119,68.49,89,100,8.03
72,Zhangye,CN,2022-03-16 14:42:52,38.9342,100.4517,44.38,40,100,10.92
73,Dicabisagan,PH,2022-03-16 14:42:52,17.0818,122.4157,77.11,90,100,1.07
74,Bredasdorp,ZA,2022-03-16 14:38:46,-34.5322,20.0403,74.52,50,3,12.66
75,Kishtwar,IN,2022-03-16 14:42:53,33.3167,75.7667,59.72,52,0,6.38
76,Shelburne,CA,2022-03-16 14:42:53,44.0787,-80.2041,36.36,97,97,7.0
77,Bambous Virieux,MU,2022-03-16 14:42:54,-20.3428,57.7575,82.65,83,40,3.44
78,Hofn,IS,2022-03-16 14:42:54,64.2539,-15.2082,33.82,80,40,16.11
79,Fairbanks,US,2022-03-16 14:39:27,64.8378,-147.7164,10.36,63,0,6.91
80,Correntina,BR,2022-03-16 14:42:54,-13.3433,-44.6367,84.72,56,62,5.12
81,Constitucion,CL,2022-03-16 14:42:55,-35.3333,-72.4167,65.23,74,79,5.03
82,Atuona,PF,2022-03-16 14:42:55,-9.8,-139.0333,77.74,72,3,14.52
83,Port Hedland,AU,2022-03-16 14:42:55,-20.3167,118.5667,86.05,79,100,6.91
84,Kiama,AU,2022-03-16 14:42:56,-34.6833,150.8667,69.01,93,19,2.91
85,Hastings,GB,2022-03-16 14:42:56,50.8552,0.5729,54.09,81,81,11.41
86,Fortuna,US,2022-03-16 14:42:57,40.5982,-124.1573,43.93,97,100,0.0
87,Valparaiso,CL,2022-03-16 14:42:57,-33.0393,-71.6273,63.48,92,100,6.91
88,Marsa Matruh,EG,2022-03-16 14:42:57,31.3525,27.2453,59.2,47,40,8.05
89,Namibe,AO,2022-03-16 14:42:58,-15.1961,12.1522,76.37,63,22,10.71
90,Dikson,RU,2022-03-16 14:42:58,73.5069,80.5464,1.44,99,100,11.56
91,Sahuaripa,MX,2022-03-16 14:42:58,29.05,-109.2333,67.17,15,69,3.24
92,Coffs Harbour,AU,2022-03-16 14:42:59,-30.3,153.1333,67.96,88,40,9.31
93,Dowa,MW,2022-03-16 14:42:59,-13.654,33.9375,75.47,92,92,2.28
94,Hobyo,SO,2022-03-16 14:44:00,5.3505,48.5268,79.61,69,94,12.12
95,Alamosa,US,2022-03-16 14:44:00,37.4695,-105.87,26.58,59,0,3.44
96,Zhigansk,RU,2022-03-16 14:44:00,66.7697,123.3711,-17.95,100,92,7.11
97,Vila Velha,BR,2022-03-16 14:44:01,-20.3297,-40.2925,84.15,74,40,10.0
98,Karratha,AU,2022-03-16 14:44:01,-20.7377,116.8463,91.9,49,90,8.46
99,Katsuura,JP,2022-03-16 14:40:13,35.1333,140.3,57.94,76,2,6.8
100,Hudson Bay,CA,2022-03-16 14:44:01,52.85,-102.3842,28.08,98,100,1.79
101,Asau,RO,2022-03-16 14:44:02,46.4333,26.4,39.96,59,100,4.32
102,Severo-Kurilsk,RU,2022-03-16 14:44:02,50.6789,156.125,30.25,87,100,15.79
103,Jutai,BR,2022-03-16 14:44:02,-5.1833,-68.9,75.45,96,100,2.77
104,Ancud,CL,2022-03-16 14:44:03,-41.8697,-73.8203,59.23,82,100,14.38
105,Guadix,ES,2022-03-16 14:44:03,37.2993,-3.1392,50.13,82,100,6.82
106,Mandalgovi,MN,2022-03-16 14:44:03,45.7625,106.2708,20.79,37,100,12.44
107,Arraial Do Cabo,BR,2022-03-16 14:44:04,-22.9661,-42.0278,87.76,66,0,20.71
108,Gogapur,IN,2022-03-16 14:44:04,23.55,75.5167,86.22,15,42,7.67
109,Uige,AO,2022-03-16 14:44:05,-7.6087,15.0613,76.35,87,100,4.23
110,Manicore,BR,2022-03-16 14:44:05,-5.8092,-61.3003,87.17,63,70,2.37
111,Port Alfred,ZA,2022-03-16 14:44:05,-33.5906,26.891,71.4,61,6,10.36
112,Ponta Do Sol,PT,2022-03-16 14:44:06,32.6667,-17.1,67.01,52,0,4.18
113,Moche,PE,2022-03-16 14:44:06,-8.1711,-79.0092,69.98,83,20,10.36
114,Saldanha,ZA,2022-03-16 14:44:06,-33.0117,17.9442,84.25,70,40,17.63
115,Hovd,MN,2022-03-16 14:44:07,48.0056,91.6419,27.97,26,3,9.42
116,Georgetown,MY,2022-03-16 14:44:07,5.4112,100.3354,80.53,99,40,5.75
117,Effingham,US,2022-03-16 14:44:07,32.3669,-81.3332,69.75,97,100,7.78
118,Lagoa,PT,2022-03-16 14:44:08,39.05,-27.9833,56.71,60,100,10.13
119,Talnakh,RU,2022-03-16 14:44:08,69.4865,88.3972,-9.96,92,65,5.55
120,Tabou,CI,2022-03-16 14:44:09,4.423,-7.3528,84.2,69,100,7.14
121,Kaitangata,NZ,2022-03-16 14:44:09,-46.2817,169.8464,50.0,88,99,7.23
122,Khanpur,PK,2022-03-16 14:44:09,28.6453,70.6567,91.54,12,23,5.1
123,Cidreira,BR,2022-03-16 14:44:10,-30.1811,-50.2056,76.19,70,100,15.48
124,Faanui,PF,2022-03-16 14:44:10,-16.4833,-151.75,81.09,67,1,7.78
125,Pringsewu,ID,2022-03-16 14:44:11,-5.3582,104.9744,74.95,96,91,2.77
126,Norman Wells,CA,2022-03-16 14:42:21,65.282,-126.8329,-21.96,69,75,0.0
127,Chigorodo,CO,2022-03-16 14:44:11,7.6664,-76.6811,80.4,83,40,3.44
128,Longyearbyen,SJ,2022-03-16 14:44:12,78.2186,15.6401,37.24,81,75,20.71
129,Abnub,EG,2022-03-16 14:44:12,27.2696,31.1511,62.82,20,0,15.57
130,Tocopilla,CL,2022-03-16 14:44:12,-22.092,-70.1979,73.33,74,20,8.9
131,Esterhazy,CA,2022-03-16 14:44:13,50.65,-102.0843,32.85,99,100,10.71
132,Neftcala,AZ,2022-03-16 14:44:13,39.3742,49.2472,42.01,68,64,6.55
133,Karatau,KZ,2022-03-16 14:44:13,43.1667,70.4667,41.68,93,100,10.54
134,Kodiak,US,2022-03-16 14:44:14,57.79,-152.4072,35.11,93,100,0.0
135,Rio Gallegos,AR,2022-03-16 14:43:43,-51.6226,-69.2181,55.45,47,20,6.91
136,Mount Gambier,AU,2022-03-16 14:44:14,-37.8333,140.7667,64.31,100,40,6.91
137,Tarko-Sale,RU,2022-03-16 14:44:15,64.9225,77.785,13.75,98,90,8.7
138,Saint Anthony,US,2022-03-16 14:44:15,45.0205,-93.218,48.9,67,20,6.91
139,Kavieng,PG,2022-03-16 14:45:16,-2.5744,150.7967,82.36,77,70,12.91
140,Tiznit,MA,2022-03-16 14:45:16,29.5833,-9.5,57.49,71,88,16.73
141,Teya,RU,2022-03-16 14:45:17,60.3778,92.6267,5.79,99,100,2.86
142,Garowe,SO,2022-03-16 14:45:17,8.4054,48.4845,86.97,17,6,7.23
143,Barinas,VE,2022-03-16 14:45:17,8.6226,-70.2075,86.07,46,89,6.2
144,Kruisfontein,ZA,2022-03-16 14:45:18,-34.0033,24.7314,68.88,54,29,8.86
145,Bergerac,FR,2022-03-16 14:45:18,44.8333,0.5,62.87,63,0,4.61
146,Kaharlyk,UA,2022-03-16 14:45:18,49.8623,30.8282,34.7,47,5,10.16
147,Ahipara,NZ,2022-03-16 14:45:19,-35.1667,173.1667,62.91,87,100,5.88
148,Alta Floresta,BR,2022-03-16 14:45:19,-9.8756,-56.0861,78.62,94,75,2.3
149,New Norfolk,AU,2022-03-16 14:45:20,-42.7826,147.0587,63.9,76,96,2.17
150,Serenje,ZM,2022-03-16 14:45:20,-13.2325,30.2352,72.72,81,94,5.35
151,Hithadhoo,MV,2022-03-16 14:45:20,-0.6,73.0833,84.43,71,100,10.89
152,Hannibal,US,2022-03-16 14:45:21,39.7084,-91.3585,57.7,67,0,6.91
153,Lompoc,US,2022-03-16 14:45:21,34.6391,-120.4579,55.94,86,0,27.0
154,Muli,MV,2022-03-16 14:45:21,2.9167,73.5667,83.64,73,100,10.31
155,Salalah,OM,2022-03-16 14:45:22,17.0151,54.0924,84.29,61,0,9.22
156,Cairns,AU,2022-03-16 14:45:22,-16.9167,145.7667,78.75,90,75,9.22
157,Ambon,ID,2022-03-16 14:45:22,-3.6954,128.1814,78.94,94,40,4.61
158,Kapaa,US,2022-03-16 14:45:23,22.0752,-159.319,67.98,94,0,8.05
159,Santa Ines,BR,2022-03-16 14:45:23,-3.6667,-45.38,76.98,85,100,0.89
160,Denizli,TR,2022-03-16 14:43:08,37.8402,29.0698,52.41,44,66,1.34
161,Kyenjojo,UG,2022-03-16 14:45:24,0.6328,30.6214,76.75,43,88,3.29
162,Marzuq,YE,2022-03-16 14:45:24,14.4,46.4667,72.95,41,3,12.37
163,Jingdezhen,CN,2022-03-16 14:45:24,29.2947,117.2079,71.58,84,100,1.57
164,Kirakira,SB,2022-03-16 14:45:25,-10.4544,161.9205,79.88,82,94,4.59
165,Oussouye,SN,2022-03-16 14:45:25,12.485,-16.5469,95.18,19,74,8.75
166,Leningradskiy,RU,2022-03-16 14:45:26,69.3833,178.4167,-15.56,97,50,8.55
167,Thinadhoo,MV,2022-03-16 14:45:11,0.5333,72.9333,84.56,71,100,11.27
168,Juneau,US,2022-03-16 14:42:33,58.3019,-134.4197,40.21,95,100,19.57
169,Lebu,CL,2022-03-16 14:45:26,-37.6167,-73.65,63.82,72,33,9.71
170,Laguna,US,2022-03-16 14:45:27,38.421,-121.4238,52.09,93,0,3.44
171,Cabo San Lucas,MX,2022-03-16 14:45:07,22.8909,-109.9124,73.51,37,15,4.29
172,Kalabo,ZM,2022-03-16 14:45:27,-14.97,22.6814,79.39,65,100,7.25
173,Yar-Sale,RU,2022-03-16 14:45:27,66.8333,70.8333,24.57,82,100,15.77
174,Margate,GB,2022-03-16 14:45:28,51.3813,1.3862,52.88,85,88,5.01
175,Verkhnyaya Inta,RU,2022-03-16 14:45:28,65.9811,60.3094,22.33,95,100,14.74
176,Praya,CV,2022-03-16 14:45:28,14.9215,-23.5087,77.54,47,40,25.32
177,Labytnangi,RU,2022-03-16 14:45:29,66.6572,66.4183,21.18,87,100,7.23
178,Airai,TL,2022-03-16 14:45:29,-8.9266,125.4092,60.64,93,94,1.63
179,Takaungu,KE,2022-03-16 14:45:29,-3.6837,39.8566,81.64,77,2,15.79
180,Beloha,MG,2022-03-16 14:45:30,-25.1667,45.05,79.57,66,40,10.69
181,Naze,JP,2022-03-16 14:44:48,28.3667,129.4833,67.12,91,87,5.91
182,Bani Walid,LY,2022-03-16 14:45:30,31.7566,13.9942,68.86,17,12,21.03
183,San Patricio,US,2022-03-16 14:45:31,28.017,-97.5169,67.93,53,0,6.06
184,Great Falls,US,2022-03-16 14:46:31,47.5002,-111.3008,38.66,60,0,12.66
185,Clinton,US,2022-03-16 14:46:32,42.587,-82.9199,44.28,76,27,5.68
186,Gushikawa,JP,2022-03-16 14:46:32,26.3544,127.8686,71.6,79,20,12.66
187,Caacupe,PY,2022-03-16 14:46:32,-25.3833,-57.15,81.09,37,5,2.24
188,Savalou,BJ,2022-03-16 14:46:33,7.9281,1.9756,100.08,28,96,1.28
189,Muros,ES,2022-03-16 14:46:33,42.7762,-9.0603,58.68,63,76,18.81
190,Plettenberg Bay,ZA,2022-03-16 14:46:34,-34.0527,23.3716,67.57,70,26,4.85
191,Moerai,PF,2022-03-16 14:46:34,-22.4333,-151.3333,80.94,74,15,18.66
192,Egvekinot,RU,2022-03-16 14:46:35,66.3167,-179.1667,-7.26,70,0,7.7
193,Mar Del Plata,AR,2022-03-16 14:41:50,-38.0023,-57.5575,77.02,77,0,18.99
194,Kolaras,IN,2022-03-16 14:46:35,25.2333,77.6,86.04,16,25,6.64
195,Krasnoselkup,RU,2022-03-16 14:46:35,65.7,82.4667,10.31,98,96,4.07
196,Tilichiki,RU,2022-03-16 14:46:36,60.4667,166.1,-4.92,92,7,6.55
197,Ola,RU,2022-03-16 14:46:36,59.5833,151.2833,10.31,86,100,5.41
198,Mahanoro,MG,2022-03-16 14:46:37,-19.9,48.8,79.36,83,34,4.97
199,Nizwa,OM,2022-03-16 14:46:37,22.9333,57.5333,85.37,15,3,7.07
200,Imbituba,BR,2022-03-16 14:46:37,-28.24,-48.6703,71.33,83,100,3.09
201,Kokopo,PG,2022-03-16 14:46:38,-4.352,152.2633,76.8,83,33,3.09
202,Santa Vitoria Do Palmar,BR,2022-03-16 14:46:38,-33.5189,-53.3681,77.5,65,23,5.84
203,Bondo,CD,2022-03-16 14:46:38,3.8146,23.6866,98.8,14,100,2.3
204,Itarema,BR,2022-03-16 14:46:39,-2.9248,-39.9167,82.8,73,98,3.06
205,Comodoro Rivadavia,AR,2022-03-16 14:43:16,-45.8667,-67.5,67.86,37,0,17.27
206,Slave Lake,CA,2022-03-16 14:46:39,55.2834,-114.769,37.38,65,0,18.41
207,Letterkenny,IE,2022-03-16 14:42:31,54.95,-7.7333,49.89,56,11,12.06
208,Narsaq,GL,2022-03-16 14:46:40,60.9167,-46.05,5.22,52,67,2.93
209,Okhotsk,RU,2022-03-16 14:46:40,59.3833,143.3,-4.09,97,58,6.98
210,Vyshkov,RU,2022-03-16 14:46:41,52.4764,31.6873,39.09,55,72,9.31
211,Kulhudhuffushi,MV,2022-03-16 14:46:41,6.6221,73.07,83.55,73,97,11.61
212,Alyangula,AU,2022-03-16 14:46:41,-13.8483,136.4192,76.87,100,60,2.3
213,Gao,ML,2022-03-16 14:46:42,16.6362,1.637,100.38,7,14,12.01
214,Asmar,AF,2022-03-16 14:46:42,35.0333,71.3581,71.02,39,0,7.96
215,Tasiilaq,GL,2022-03-16 14:46:43,65.6145,-37.6368,23.16,82,100,2.46
216,Kerrville,US,2022-03-16 14:46:43,30.0474,-99.1403,61.95,52,0,11.41
217,Huaiyuan,CN,2022-03-16 14:46:43,32.973,117.1995,56.1,86,100,22.86
218,Myitkyina,MM,2022-03-16 14:46:44,25.3833,97.4,76.01,36,0,1.79
219,Geraldton,AU,2022-03-16 14:46:44,-28.7667,114.6,64.81,77,0,6.91
220,Gidole,ET,2022-03-16 14:46:44,5.65,37.3667,78.37,27,67,8.93
221,Poum,NC,2022-03-16 14:46:45,-20.2333,164.0167,80.28,83,100,10.8
222,Manakara,MG,2022-03-16 14:46:45,-22.1333,48.0167,78.3,84,80,5.28
223,Eyl,SO,2022-03-16 14:46:46,7.9803,49.8164,78.19,67,56,12.37
224,Bonthe,SL,2022-03-16 14:46:46,7.5264,-12.505,84.16,66,74,11.21
225,Gigmoto,PH,2022-03-16 14:47:47,13.7796,124.39,79.68,89,74,6.22
226,Vanimo,PG,2022-03-16 14:47:47,-2.6741,141.3028,78.46,88,100,6.33
227,Lavrentiya,RU,2022-03-16 14:47:47,65.5833,-171.0,-4.88,85,3,7.2
228,Bambari,CF,2022-03-16 14:47:48,5.768,20.6757,101.61,10,35,5.48
229,Pisco,PE,2022-03-16 14:47:48,-13.7,-76.2167,75.25,69,14,4.61
230,Ribeira Grande,PT,2022-03-16 14:47:48,38.5167,-28.7,61.2,59,75,16.11
231,Dakar,SN,2022-03-16 14:47:13,14.6937,-17.4441,83.28,64,0,11.5
232,Kahului,US,2022-03-16 14:47:49,20.8947,-156.47,75.85,88,0,13.0
233,Kaolack,SN,2022-03-16 14:47:49,14.1825,-16.2533,97.09,10,25,8.81
234,Vestmannaeyjar,IS,2022-03-16 14:47:50,63.4427,-20.2734,32.99,80,100,23.02
235,Saint-Pierre,RE,2022-03-16 14:47:50,-21.3393,55.4781,82.08,80,100,8.05
236,Inhambane,MZ,2022-03-16 14:47:50,-23.865,35.3833,76.77,90,97,15.19
237,Bilma,NE,2022-03-16 14:47:51,18.6853,12.9164,86.56,7,5,9.6
238,Nola,IT,2022-03-16 14:47:51,40.922,14.5329,63.36,49,25,4.0
239,Coos Bay,US,2022-03-16 14:45:08,43.3665,-124.2179,43.23,99,75,0.0
240,Bagdarin,RU,2022-03-16 14:47:51,54.4333,113.6,-13.76,93,16,4.09
241,Henties Bay,NA,2022-03-16 14:47:52,-22.116,14.2845,66.22,71,2,9.46
242,Shyroke,UA,2022-03-16 14:47:52,47.6917,33.2571,36.18,43,30,9.6
243,Quatis,BR,2022-03-16 14:47:53,-22.4072,-44.2581,85.69,62,35,3.67
244,Libourne,FR,2022-03-16 14:47:53,44.9167,-0.25,62.58,68,100,6.51
245,Pangody,RU,2022-03-16 14:47:53,65.85,74.4859,22.53,95,100,13.78
246,Goderich,CA,2022-03-16 14:47:54,43.7501,-81.7165,37.9,93,100,5.75
247,Xapuri,BR,2022-03-16 14:47:54,-10.6517,-68.5044,83.55,60,86,4.85
248,Meulaboh,ID,2022-03-16 14:47:54,4.1363,96.1285,75.7,95,100,1.7
249,San Marco In Lamis,IT,2022-03-16 14:47:55,41.7131,15.6399,60.21,59,12,3.44
250,Tezu,IN,2022-03-16 14:47:55,27.9167,96.1667,75.34,30,66,4.88
251,Qaanaaq,GL,2022-03-16 14:47:55,77.484,-69.3632,-10.14,73,100,9.37
252,Shakawe,BW,2022-03-16 14:47:56,-18.3667,21.85,78.53,59,94,3.53
253,Diamantino,BR,2022-03-16 14:47:56,-14.4086,-56.4461,84.94,62,85,4.29
254,Calabozo,VE,2022-03-16 14:47:56,8.9242,-67.4293,89.87,42,69,10.09
255,Kolchugino,RU,2022-03-16 14:43:13,56.3,39.3833,19.9,88,100,3.78
256,Brive-La-Gaillarde,FR,2022-03-16 14:47:57,45.25,1.5,63.84,24,100,2.73
257,Inirida,CO,2022-03-16 14:47:57,3.8653,-67.9239,75.52,94,99,2.89
258,Nyurba,RU,2022-03-16 14:47:58,63.2842,118.3319,-18.11,100,73,2.55
259,Broken Hill,AU,2022-03-16 14:47:58,-31.95,141.4333,73.11,73,100,4.61
260,Olafsvik,IS,2022-03-16 14:47:58,64.8945,-23.7142,31.05,57,100,24.47
261,Kitui,KE,2022-03-16 14:47:59,-1.367,38.0106,85.46,29,41,13.8
262,Arvika,SE,2022-03-16 14:47:59,59.6553,12.5852,36.21,81,84,4.9
263,San Juan,AR,2022-03-16 14:43:25,-31.5375,-68.5364,89.65,20,1,9.53
264,Chulman,RU,2022-03-16 14:48:00,56.8479,124.9104,0.19,95,100,9.17
265,Nome,US,2022-03-16 14:48:00,64.5011,-165.4064,-0.33,71,0,0.0
266,Smithers,CA,2022-03-16 14:45:26,54.7804,-127.1743,30.52,93,75,2.3
267,Rawson,AR,2022-03-16 14:48:00,-43.3002,-65.1023,78.62,24,3,1.52
268,Guilin,CN,2022-03-16 14:48:01,25.2819,110.2864,69.91,83,66,4.18
269,Port-Cartier,CA,2022-03-16 14:43:58,50.0334,-66.8654,22.75,93,100,6.04
270,Umm Bab,QA,2022-03-16 14:48:01,25.2142,50.8072,65.95,56,0,26.96
271,Rio Grande,BR,2022-03-16 14:45:56,-32.035,-52.0986,84.31,67,16,17.49
272,Port Elizabeth,ZA,2022-03-16 14:48:02,-33.918,25.5701,71.89,69,20,12.66
273,Swellendam,ZA,2022-03-16 14:49:02,-34.0226,20.4417,74.62,48,4,14.27
274,San Roque,ES,2022-03-16 14:49:03,36.2107,-5.3842,58.03,63,75,9.22
275,Xichang,CN,2022-03-16 14:49:03,27.8964,102.2634,60.57,63,100,2.82
276,Kangly,RU,2022-03-16 14:49:03,44.2544,43.0308,24.85,74,100,11.18
277,Manacapuru,BR,2022-03-16 14:49:04,-3.2997,-60.6206,83.86,71,18,3.33
278,Rudbar,AF,2022-03-16 14:49:04,30.15,62.6,89.47,6,0,6.78
279,Iquitos,PE,2022-03-16 14:49:04,-3.7481,-73.2472,78.84,83,75,2.3
280,Groton,US,2022-03-16 14:49:05,41.3501,-72.0784,54.01,63,0,5.75
281,Vila Franca Do Campo,PT,2022-03-16 14:49:05,37.7167,-25.4333,61.21,55,100,7.18
282,Cap Malheureux,MU,2022-03-16 14:49:05,-19.9842,57.6142,79.47,86,61,5.03
283,Avallon,FR,2022-03-16 14:49:06,47.4833,3.9,68.88,51,83,2.71
284,Wagga Wagga,AU,2022-03-16 14:49:06,-35.1167,147.3667,70.21,68,75,9.22
285,Sunagawa,JP,2022-03-16 14:49:07,43.4864,141.9056,32.65,99,100,3.29
286,Torbay,CA,2022-03-16 14:49:07,47.6666,-52.7314,27.88,49,75,9.22
287,Salvador,SV,2022-03-16 14:46:06,13.8333,-88.9167,77.4,54,8,3.78
288,Mangaluru,IN,2022-03-16 14:49:07,12.8667,74.8833,85.06,74,40,3.44
289,Qui Nhon,VN,2022-03-16 14:49:08,13.7667,109.2333,73.53,89,81,5.77
290,Iskateley,RU,2022-03-16 14:49:08,67.6803,53.1512,20.68,96,100,8.08
291,Tripoli,LY,2022-03-16 14:44:36,32.8752,13.1875,69.37,32,92,21.74
292,Mahibadhoo,MV,2022-03-16 14:49:09,3.7833,72.9667,83.34,74,100,9.64
293,Rayagada,IN,2022-03-16 14:49:09,19.1667,83.4167,81.09,35,85,4.27
294,Leh,IN,2022-03-16 14:49:09,34.1667,77.5833,19.45,64,1,3.58
295,Waddan,LY,2022-03-16 14:49:10,29.1614,16.139,68.68,17,0,15.1
296,Vila,PT,2022-03-16 14:49:10,42.0304,-8.1588,45.7,84,100,9.73
297,Komsomolskiy,UZ,2022-03-16 14:49:10,40.4272,71.7189,48.92,87,40,4.61
298,Banda Aceh,ID,2022-03-16 14:49:11,5.5577,95.3222,77.88,90,100,13.51
299,Bissau,GW,2022-03-16 14:48:30,11.8636,-15.5977,93.58,23,90,1.23
300,Gat,IL,2022-03-16 14:45:04,31.61,34.7642,55.81,46,3,10.18
301,Almenara,BR,2022-03-16 14:49:12,-16.1836,-40.6944,91.63,40,46,5.99
302,Lawrenceburg,US,2022-03-16 14:49:12,38.0373,-84.8966,61.56,66,0,4.0
303,Akdepe,TM,2022-03-16 14:49:12,42.0551,59.3788,35.69,49,100,10.8
304,Tucumcari,US,2022-03-16 14:49:13,35.1717,-103.725,55.94,29,0,10.36
305,Kedougou,SN,2022-03-16 14:49:13,12.5579,-12.1743,102.88,8,32,4.92
306,Coihaique,CL,2022-03-16 14:49:14,-45.5752,-72.0662,59.61,88,100,8.05
307,Aklavik,CA,2022-03-16 14:49:14,68.2191,-135.0107,-27.4,68,20,3.44
308,Liverpool,GB,2022-03-16 14:49:14,53.4106,-2.9779,48.74,87,75,14.97
309,Atar,MR,2022-03-16 14:49:15,20.5169,-13.0499,80.4,17,0,14.79
310,Clarksdale,US,2022-03-16 14:49:15,34.2001,-90.5709,55.9,100,75,4.61
311,Casper,US,2022-03-16 14:45:10,42.8666,-106.3131,36.81,83,0,5.75
312,Vanavara,RU,2022-03-16 14:49:16,60.34,102.2797,1.11,99,98,1.57
313,Verkhoyansk,RU,2022-03-16 14:49:16,67.5447,133.385,-25.46,99,21,2.33
314,Mareeba,AU,2022-03-16 14:49:16,-17.0,145.4333,74.12,90,98,2.28
315,Bengkulu,ID,2022-03-16 14:49:17,-3.8004,102.2655,79.12,85,100,3.22
316,Shimoda,JP,2022-03-16 14:49:17,34.6667,138.95,61.18,45,25,14.41
317,Upington,ZA,2022-03-16 14:49:17,-28.4478,21.2561,86.38,20,20,5.75
318,Srednekolymsk,RU,2022-03-16 14:50:18,67.45,153.6833,-21.93,100,83,3.02
319,Lata,PT,2022-03-16 14:50:18,40.1629,-8.3327,70.48,50,59,11.41
320,Popondetta,PG,2022-03-16 14:50:19,-8.7537,148.2534,73.27,96,81,3.27
321,Tawau,MY,2022-03-16 14:50:19,4.2498,117.8871,77.13,94,9,3.71
322,Sehithwa,BW,2022-03-16 14:50:19,-20.4667,22.7167,85.23,35,98,5.14
323,Police Nad Metuji,CZ,2022-03-16 14:50:20,50.5369,16.2335,50.77,68,90,8.01
324,College,US,2022-03-16 14:50:20,64.8569,-147.8028,10.35,62,75,6.91
325,Angoram,PG,2022-03-16 14:50:20,-4.0625,144.0661,73.69,95,97,0.81
326,Naberera,TZ,2022-03-16 14:50:21,-4.2,36.9333,79.92,43,46,9.89
327,Erenhot,CN,2022-03-16 14:50:21,43.6475,111.9767,25.16,29,100,10.09
328,Shepsi,RU,2022-03-16 14:50:21,44.0361,39.1489,35.06,62,8,15.52
329,Odda,NO,2022-03-16 14:50:22,60.0691,6.5457,44.08,99,100,6.06
330,Abonnema,NG,2022-03-16 14:50:22,4.7084,6.7931,93.49,51,64,13.47
331,Sao Joao Da Barra,BR,2022-03-16 14:50:23,-21.6403,-41.0511,89.69,74,3,16.26
332,Tual,ID,2022-03-16 14:50:23,-5.6667,132.75,83.62,74,100,2.01
333,Beckley,US,2022-03-16 14:50:23,37.7782,-81.1882,55.81,39,0,8.05
334,Labuhan,ID,2022-03-16 14:50:24,-6.8844,112.2051,80.19,82,100,1.95
335,Vostok,RU,2022-03-16 14:50:24,46.4856,135.8833,24.33,97,100,3.42
336,Innisfail,AU,2022-03-16 14:50:25,-17.5333,146.0333,74.62,94,94,4.12
337,Ust-Nera,RU,2022-03-16 14:50:25,64.5667,143.2,-18.13,91,25,3.11
338,Elizabeth City,US,2022-03-16 14:50:17,36.2946,-76.2511,62.06,90,0,0.0
339,Ellensburg,US,2022-03-16 14:47:39,46.9965,-120.5479,37.27,84,0,9.22
340,Saint George,US,2022-03-16 14:47:52,37.1041,-113.5841,55.26,41,40,6.91
341,Fecamp,FR,2022-03-16 14:50:26,49.7579,0.3746,58.71,75,85,12.53
342,Le Port,RE,2022-03-16 14:50:26,-20.9373,55.2919,82.4,79,42,1.72
343,Codrington,AU,2022-03-16 14:50:26,-38.2667,141.9667,66.7,87,100,9.75
344,Chokurdakh,RU,2022-03-16 14:50:27,70.6333,147.9167,-17.1,97,66,10.04
345,Alofi,NU,2022-03-16 14:50:27,-19.0595,-169.9187,75.09,94,10,6.91
346,Kozelsk,RU,2022-03-16 14:50:27,54.0375,35.7716,22.62,81,65,3.31
347,Grindavik,IS,2022-03-16 14:50:28,63.8424,-22.4338,28.87,86,75,16.11
348,Aswan,EG,2022-03-16 14:50:28,24.0934,32.907,72.7,16,0,11.5
349,Dmytrivka,UA,2022-03-16 14:50:28,45.9717,28.9864,38.84,65,100,14.83
350,Sandwick,GB,2022-03-16 14:50:29,60.0,-1.25,44.42,76,40,9.22
351,Udachnyy,RU,2022-03-16 14:50:29,66.4167,112.4,-26.73,100,93,4.18
352,Sompeta,IN,2022-03-16 14:50:29,18.9333,84.6,78.4,79,100,9.78
353,Yulara,AU,2022-03-16 14:50:30,-25.2406,130.9889,84.04,24,76,9.22
354,Cayenne,GF,2022-03-16 14:50:30,4.9333,-52.3333,84.09,1,100,13.8
355,Klaksvik,FO,2022-03-16 14:50:31,62.2266,-6.589,41.92,64,79,25.03
356,Stavern,NO,2022-03-16 14:50:31,59.0,10.0333,41.18,91,98,6.91
357,Lazaro Cardenas,MX,2022-03-16 14:49:22,17.9583,-102.2,78.46,62,0,2.75
358,Northam,GB,2022-03-16 14:50:31,51.0333,-4.2167,48.38,89,100,19.77
359,Bac Lieu,VN,2022-03-16 14:50:32,9.285,105.7244,80.28,80,56,8.57
360,Panzhihua,CN,2022-03-16 14:50:32,26.5851,101.7128,66.45,46,54,2.51
361,Teguise,ES,2022-03-16 14:50:33,29.0605,-13.564,64.62,60,40,21.85
362,Itupiranga,BR,2022-03-16 14:50:33,-5.1347,-49.3267,77.32,70,100,0.74
363,Araouane,ML,2022-03-16 14:50:33,18.9048,-3.5265,87.67,13,20,9.15
364,Salinopolis,BR,2022-03-16 14:51:34,-0.6136,-47.3561,79.75,80,98,3.2
365,San Pedro De Macoris,DO,2022-03-16 14:51:34,18.4616,-69.2972,83.01,55,0,10.49
366,Luderitz,NA,2022-03-16 14:51:34,-26.6481,15.1594,72.77,58,2,23.78
367,Upernavik,GL,2022-03-16 14:51:35,72.7868,-56.1549,-11.69,78,97,5.66
368,Martapura,ID,2022-03-16 14:51:35,-3.4167,114.85,78.89,94,100,1.14
369,Montalvo,EC,2022-03-16 14:51:35,-1.8,-79.3333,81.07,87,100,2.73
370,Dong Hoi,VN,2022-03-16 14:51:36,17.4833,106.6,72.57,88,9,8.23
371,Flin Flon,CA,2022-03-16 14:51:36,54.7682,-101.865,15.64,86,100,3.44
372,Gamba,GA,2022-03-16 14:51:37,-2.65,10.0,82.85,74,86,11.18
373,Sao Felix Do Xingu,BR,2022-03-16 14:51:37,-6.6447,-51.995,82.35,73,95,1.41
374,Armenis,RO,2022-03-16 14:51:37,45.2,22.3167,40.51,98,100,1.92
375,Independence,US,2022-03-16 14:47:56,39.0911,-94.4155,60.01,75,0,11.5
376,Sitka,US,2022-03-16 14:51:38,57.0531,-135.33,44.49,65,100,14.97
377,Lobito,AO,2022-03-16 14:51:38,-12.3481,13.5456,79.59,67,31,9.82
378,Songea,TZ,2022-03-16 14:51:39,-10.6833,35.65,70.11,91,100,1.97
379,Ulladulla,AU,2022-03-16 14:51:39,-35.35,150.4667,67.77,93,52,3.15
380,Ternate,ID,2022-03-16 14:51:39,0.8,127.4,81.39,80,96,3.83
381,Auki,SB,2022-03-16 14:51:40,-8.7676,160.7034,76.71,87,96,3.78
382,Quatre Cocos,MU,2022-03-16 14:51:40,-20.2078,57.7625,82.51,84,46,4.9
383,Dunedin,NZ,2022-03-16 14:51:41,-45.8742,170.5036,52.81,78,100,3.0
384,Roald,NO,2022-03-16 14:51:41,62.5833,6.1333,50.14,57,75,14.97
385,La Ronge,CA,2022-03-16 14:51:41,55.1001,-105.2842,23.25,93,100,3.44
386,Ngama,TD,2022-03-16 14:51:42,11.7833,17.1667,96.89,8,90,15.43
387,Yerofey Pavlovich,RU,2022-03-16 14:51:42,53.9667,121.9667,-7.13,88,95,5.06
388,Natal,BR,2022-03-16 14:51:42,-5.795,-35.2094,79.45,94,75,5.75
389,Nizhnyaya Tavda,RU,2022-03-16 14:51:43,57.6731,66.1725,7.75,94,10,6.31
390,Karymskoye,RU,2022-03-16 14:51:43,51.6167,114.35,-4.34,94,15,1.72
391,Angoche,MZ,2022-03-16 14:51:44,-16.2325,39.9086,80.89,85,85,2.8
392,Oktyabrskiy,RU,2022-03-16 14:51:44,54.4815,53.471,6.67,96,17,6.02
393,Oriximina,BR,2022-03-16 14:51:44,-1.7656,-55.8661,86.04,60,90,2.66
394,Verkh-Usugli,RU,2022-03-16 14:51:45,52.7,115.1667,-9.15,94,10,3.38
395,San Lorenzo,PY,2022-03-16 14:51:45,-25.3333,-57.5333,81.59,51,0,5.01
396,Itabira,BR,2022-03-16 14:51:45,-19.6192,-43.2269,81.45,55,79,4.63
397,Palora,EC,2022-03-16 14:51:46,-1.7,-77.9333,79.56,56,82,3.15
398,Westport,US,2022-03-16 14:51:46,41.1415,-73.3579,58.35,70,0,5.01
399,Manokwari,ID,2022-03-16 14:51:47,-0.8667,134.0833,80.11,78,34,1.19
400,Faya,SA,2022-03-16 14:51:47,18.3851,42.4509,64.92,67,15,8.1
401,Sioux Lookout,CA,2022-03-16 14:51:47,50.1001,-91.917,35.67,93,100,5.75
402,Pevek,RU,2022-03-16 14:51:48,69.7008,170.3133,-6.95,98,100,3.87
403,Mehamn,NO,2022-03-16 14:51:48,71.0357,27.8492,30.18,78,4,16.49
404,Leeton,AU,2022-03-16 14:51:48,-34.5667,146.4,66.11,82,96,3.44
405,Fort Nelson,CA,2022-03-16 14:51:49,58.8053,-122.7002,11.79,79,75,4.61
406,Adrar,MR,2022-03-16 14:51:49,20.5022,-10.0711,78.01,18,0,12.03
407,Chuy,UY,2022-03-16 14:51:49,-33.6971,-53.4616,79.3,58,3,6.6
408,Paamiut,GL,2022-03-16 14:51:50,61.994,-49.6678,6.87,89,100,3.85
409,Beyneu,KZ,2022-03-16 14:52:50,45.3167,55.2,34.45,97,100,14.72
410,Port Augusta,AU,2022-03-16 14:52:51,-32.5,137.7667,75.52,63,100,5.77
411,Celestun,MX,2022-03-16 14:52:51,20.8667,-90.4,79.02,72,14,8.19
412,Xinye,CN,2022-03-16 14:52:51,32.5186,112.3522,49.82,89,100,26.91
413,Pemangkat,ID,2022-03-16 14:52:52,1.1667,108.9667,80.2,82,83,3.38
414,Keningau,MY,2022-03-16 14:52:52,5.3378,116.1602,73.4,98,91,1.14
415,Boa Vista,BR,2022-03-16 14:52:52,2.8197,-60.6733,84.18,65,75,12.66
416,Tabuk,PH,2022-03-16 14:52:53,17.4189,121.4443,75.24,92,100,1.88
417,Port Macquarie,AU,2022-03-16 14:52:53,-31.4333,152.9167,66.88,92,36,6.08
418,Malibu,US,2022-03-16 14:52:53,34.005,-118.8101,66.56,81,40,5.99
419,Emilio Carranza,MX,2022-03-16 14:52:54,19.9711,-96.6114,73.9,71,3,2.75
420,Baglung,NP,2022-03-16 14:52:54,28.2719,83.5898,66.02,51,2,5.1
421,Barcelona,ES,2022-03-16 14:48:21,41.3888,2.159,64.8,76,40,26.46
422,Agadez,NE,2022-03-16 14:52:55,19.75,10.25,85.42,8,12,10.18
423,Lima,PE,2022-03-16 14:47:59,-12.0432,-77.0282,76.39,78,0,3.44
424,Myanaung,MM,2022-03-16 14:52:55,18.2833,95.3167,85.78,30,44,5.21
425,Padang,ID,2022-03-16 14:52:56,-0.9492,100.3543,79.9,84,100,2.93
426,San Francisco,US,2022-03-16 14:50:00,37.7749,-122.4194,51.12,91,20,6.91
427,Beringovskiy,RU,2022-03-16 14:52:56,63.05,179.3167,-12.01,93,20,5.37
428,Kodinsk,RU,2022-03-16 14:52:56,58.6881,99.1844,5.68,99,100,2.44
429,Papetoai,PF,2022-03-16 14:52:57,-17.4961,-149.8729,76.59,68,40,4.81
430,Qaqortoq,GL,2022-03-16 14:52:57,60.7167,-46.0333,3.83,49,33,5.64
431,Batabano,CU,2022-03-16 14:52:57,22.7164,-82.2881,81.21,64,0,7.38
432,Roma,US,2022-03-16 14:52:58,43.2128,-75.4557,42.73,95,100,3.44
433,Meaux,FR,2022-03-16 14:52:58,48.9167,3.0,57.69,58,92,8.52
434,Noumea,NC,2022-03-16 14:52:58,-22.2763,166.4572,82.0,99,97,4.14
435,Tommot,RU,2022-03-16 14:52:59,58.9564,126.2925,2.48,97,100,3.62
436,Marsh Harbour,BS,2022-03-16 14:48:27,26.5412,-77.0636,76.96,77,61,16.22
437,Pierre,US,2022-03-16 14:51:19,44.3683,-100.351,51.28,59,100,15.01
438,Makakilo City,US,2022-03-16 14:51:37,21.3469,-158.0858,74.28,83,0,4.61
439,Trairi,BR,2022-03-16 14:48:18,-3.2778,-39.2689,84.96,67,24,5.06
440,Alberton,CA,2022-03-16 14:53:00,46.8168,-64.0654,28.53,64,83,8.59
441,Khash,IR,2022-03-16 14:53:00,28.2211,61.2158,72.99,10,0,9.17
442,Port Lincoln,AU,2022-03-16 14:53:00,-34.7333,135.8667,67.66,86,4,3.8
443,Sinnamary,GF,2022-03-16 14:53:01,5.3833,-52.95,79.63,84,77,12.64
444,Ploemeur,FR,2022-03-16 14:53:01,47.7333,-3.4333,52.86,87,100,10.36
445,Kathmandu,NP,2022-03-16 14:49:24,27.7167,85.3167,70.02,73,40,3.44
446,Port Blair,IN,2022-03-16 14:52:29,11.6667,92.75,82.44,78,40,1.14
447,Atambua,ID,2022-03-16 14:53:02,-9.1061,124.8925,74.21,86,81,4.03
448,Tsabong,BW,2022-03-16 14:53:02,-26.0217,22.401,84.15,21,0,7.54
449,Haines Junction,CA,2022-03-16 14:53:02,60.7522,-137.5108,31.95,64,100,6.91
450,Emba,KZ,2022-03-16 14:53:03,48.8264,58.1442,14.11,86,100,16.06
451,Acaponeta,MX,2022-03-16 14:53:03,22.4964,-105.3594,76.5,36,0,0.4
452,Ponta Delgada,PT,2022-03-16 14:53:04,37.7333,-25.6667,61.52,63,20,11.5
453,Cuauhtemoc,MX,2022-03-16 14:53:04,28.4167,-106.8667,54.32,17,69,3.15
454,Entre Rios,BR,2022-03-16 14:53:04,-11.9419,-38.0844,90.79,46,81,6.17
455,San Cristobal,VE,2022-03-16 14:53:05,7.7669,-72.225,69.98,46,93,5.64
456,Andros Town,BS,2022-03-16 14:54:05,24.7,-77.7667,78.76,72,0,18.03
457,Esil,KZ,2022-03-16 14:54:05,51.9556,66.4042,-1.7,99,9,6.46
458,Kontagora,NG,2022-03-16 14:54:06,10.3999,5.4695,101.14,8,82,5.82
459,Fagernes,NO,2022-03-16 14:54:06,60.9858,9.2324,43.92,91,76,5.48
460,Bandar,ID,2022-03-16 14:54:06,2.05,99.75,74.93,98,100,2.75
461,Boyolangu,ID,2022-03-16 14:54:07,-8.1181,111.8935,75.09,92,100,4.41
462,Birjand,IR,2022-03-16 14:54:07,32.8663,59.2211,82.87,7,20,11.5
463,Cockburn Town,TC,2022-03-16 14:51:21,21.4612,-71.1419,77.81,71,0,16.13
464,Impfondo,CG,2022-03-16 14:54:07,1.6381,18.0667,89.78,47,100,3.96
465,Qasigiannguit,GL,2022-03-16 14:54:08,68.8193,-51.1922,-7.47,86,100,3.44
466,At-Bashi,KG,2022-03-16 14:54:08,41.1702,75.8106,36.95,95,97,0.98
467,Wewak,PG,2022-03-16 14:54:09,-3.5534,143.6268,80.44,79,99,6.29
468,Mogadouro,PT,2022-03-16 14:53:34,41.3403,-6.7119,61.36,48,100,6.11
469,Harper,LR,2022-03-16 14:54:09,4.375,-7.7169,84.45,69,99,6.87
470,Negara,ID,2022-03-16 14:54:10,-8.3151,114.6025,78.08,89,51,2.59
471,Te Anau,NZ,2022-03-16 14:54:10,-45.4167,167.7167,45.88,95,18,1.7
472,Amvrosiyivka,UA,2022-03-16 14:54:10,47.7935,38.4777,24.69,63,94,13.38
473,Shuangcheng,CN,2022-03-16 14:54:11,45.35,126.2833,20.88,59,0,9.66
474,Santa Marta,CO,2022-03-16 14:54:11,11.2408,-74.199,83.89,72,9,4.61
475,Vila Do Maio,CV,2022-03-16 14:54:11,15.1333,-23.2167,77.79,71,15,19.55
476,Ouargaye,BF,2022-03-16 14:54:12,11.5033,0.0572,101.19,13,57,2.8
477,Morro Bay,US,2022-03-16 14:54:12,35.3658,-120.8499,57.65,81,61,1.01
478,Baherden,TM,2022-03-16 14:54:13,38.4362,57.4316,45.93,89,100,4.14
479,Sur,OM,2022-03-16 14:54:13,22.5667,59.5289,81.81,51,4,1.99
480,Viransehir,TR,2022-03-16 14:54:13,37.2353,39.7631,41.77,54,3,6.33
481,Trinidad,BO,2022-03-16 14:50:52,-14.8333,-64.9,84.18,65,18,4.61
482,Sal Rei,CV,2022-03-16 14:54:14,16.1833,-22.9167,73.6,53,75,20.71
483,Naantali,FI,2022-03-16 14:54:14,60.4674,22.0243,48.61,31,0,4.61
484,Champerico,GT,2022-03-16 14:54:15,14.3,-91.9167,82.94,57,7,2.17
485,Mabaruma,GY,2022-03-16 14:54:15,8.2,-59.7833,75.96,89,99,4.36
486,Esperance,AU,2022-03-16 14:54:16,-33.8667,121.9,66.04,84,0,6.82
487,Omachi,JP,2022-03-16 14:54:16,36.5,137.8667,40.42,82,56,5.19
488,Buchanan,LR,2022-03-16 14:54:16,5.8808,-10.0467,84.99,64,77,10.51
489,Kieta,PG,2022-03-16 14:54:17,-6.2167,155.6333,78.94,81,88,1.7
490,Batagay-Alyta,RU,2022-03-16 14:54:17,67.8006,130.4114,-28.17,90,42,6.85
491,Uthal,PK,2022-03-16 14:54:17,25.8072,66.6219,80.37,59,53,10.87
492,Saint-Augustin,CA,2022-03-16 14:54:18,51.226,-58.6502,7.93,70,86,9.66
493,Moron,AR,2022-03-16 14:50:08,-34.6534,-58.6198,84.02,54,0,8.97
494,Yeppoon,AU,2022-03-16 14:54:18,-23.1333,150.7333,71.38,81,49,13.38
495,Shenjiamen,CN,2022-03-16 14:54:18,29.9576,122.298,58.42,97,100,15.17
496,Scarborough,GB,2022-03-16 14:54:19,54.2797,-0.4044,51.33,89,100,1.99
497,Rancho Palos Verdes,US,2022-03-16 14:54:19,33.7445,-118.387,64.27,87,40,3.0
498,Nuuk,GL,2022-03-16 14:54:19,64.1835,-51.7216,0.88,77,100,1.99
499,Tecoanapa,MX,2022-03-16 14:54:20,16.5167,-98.75,81.37,54,0,2.53
500,Prince Rupert,CA,2022-03-16 14:54:20,54.3161,-130.3201,42.89,81,100,27.63
501,Majene,ID,2022-03-16 14:55:21,-3.5403,118.9707,78.91,82,99,6.24
502,Raudeberg,NO,2022-03-16 14:55:22,61.9875,5.1352,44.96,70,100,17.07
503,Karachi,PK,2022-03-16 14:52:12,24.9056,67.0822,80.42,69,19,9.22
504,Clyde River,CA,2022-03-16 14:55:22,70.4692,-68.5914,-19.97,76,100,0.0
505,Kurayoshi,JP,2022-03-16 14:55:22,35.4333,133.8167,49.44,85,74,1.21
506,Gargzdai,LT,2022-03-16 14:55:23,55.7128,21.4033,47.98,47,0,7.09
507,Chanika,TZ,2022-03-16 14:55:23,-5.4167,38.0167,78.82,70,50,10.36
508,Miyang,CN,2022-03-16 14:55:24,24.4042,103.4428,64.94,47,10,5.01
509,Khani,GE,2022-03-16 14:55:24,41.9563,42.9566,24.37,98,99,3.2
510,Lithakia,GR,2022-03-16 14:55:24,37.7167,20.8333,58.37,66,43,13.2
511,Kamina,CD,2022-03-16 14:55:25,-8.7386,24.9906,75.36,76,100,2.66
512,General Roca,AR,2022-03-16 14:55:25,-39.0333,-67.5833,85.62,15,38,9.53
513,Virginia Beach,US,2022-03-16 14:50:41,36.8529,-75.978,62.06,71,75,6.91
514,Pangnirtung,CA,2022-03-16 14:55:25,66.1451,-65.7125,-20.2,69,75,3.44
515,Port-Gentil,GA,2022-03-16 14:55:26,-0.7193,8.7815,87.76,66,20,12.66
516,Otjimbingwe,NA,2022-03-16 14:55:26,-22.35,16.1333,87.49,26,1,15.17
517,Guanica,PR,2022-03-16 14:55:26,17.9716,-66.908,83.43,70,22,5.99
518,Jalu,LY,2022-03-16 14:55:27,29.0331,21.5482,63.72,25,0,7.0
519,Ayan,RU,2022-03-16 14:55:27,56.45,138.1667,12.61,93,100,8.79
520,Weihe,CN,2022-03-16 14:55:28,32.9952,105.3247,54.16,72,100,4.85
521,West Wendover,US,2022-03-16 14:55:28,40.7391,-114.0733,40.21,75,100,3.44
522,Chapais,CA,2022-03-16 14:55:28,49.7834,-74.8492,28.18,91,97,12.71
523,Havoysund,NO,2022-03-16 14:55:29,70.9963,24.6622,34.03,69,6,13.85
524,Kumbo,CM,2022-03-16 14:55:29,6.2,10.6667,85.3,14,63,6.62
525,Horta,PT,2022-03-16 14:55:29,38.5333,-28.6333,60.44,59,75,16.11
526,Mangai,CD,2022-03-16 14:55:30,-4.05,19.5333,71.78,96,100,5.59
527,Ingham,US,2022-03-16 14:55:30,42.6,-84.3833,44.64,85,100,4.61
528,Taltal,CL,2022-03-16 14:55:30,-25.4,-70.4833,70.97,75,49,5.73
529,Ayolas,PY,2022-03-16 14:55:31,-27.4,-56.9,87.42,42,1,0.78
530,Dera Bugti,PK,2022-03-16 14:55:31,29.0307,69.151,91.13,13,5,6.2
531,Xining,CN,2022-03-16 14:54:57,36.6167,101.7667,50.18,46,100,3.87
532,Mezen,RU,2022-03-16 14:55:32,65.8522,44.24,30.87,89,100,8.55
533,Zile,TR,2022-03-16 14:55:32,40.3031,35.8864,35.71,69,99,3.47
534,Monrovia,LR,2022-03-16 14:55:32,6.3005,-10.7969,84.7,64,90,10.33
535,Bonavista,CA,2022-03-16 14:55:33,48.6499,-53.1147,20.53,49,76,8.08
536,Santa Maria,BR,2022-03-16 14:55:33,-29.6842,-53.8069,81.7,57,40,10.36
537,Matara,LK,2022-03-16 14:55:33,5.9485,80.5353,78.21,84,100,5.64
538,Durban,ZA,2022-03-16 14:55:34,-29.8579,31.0292,74.32,86,52,4.0
539,Teknaf,BD,2022-03-16 14:55:34,20.8624,92.3058,74.01,87,12,3.24
540,Otane,NZ,2022-03-16 14:55:34,-39.8833,176.6333,54.01,95,99,5.53
541,Cap-Aux-Meules,CA,2022-03-16 14:55:35,47.3821,-61.8597,24.85,58,40,10.36
542,Flinders,AU,2022-03-16 14:55:35,-34.5833,150.8552,67.17,91,17,4.0
543,Bubaque,GW,2022-03-16 14:55:36,11.2833,-15.8333,78.82,52,75,8.05
544,Yarim,YE,2022-03-16 14:55:36,14.298,44.3779,58.51,71,64,6.44
545,Tungor,RU,2022-03-16 14:55:36,53.3808,142.9564,20.89,92,100,7.81
546,Muroto,JP,2022-03-16 14:56:37,33.2833,134.15,60.28,69,8,5.82
547,Nanortalik,GL,2022-03-16 14:56:37,60.1432,-45.2371,7.29,58,97,13.04
548,Dalbandin,PK,2022-03-16 14:56:37,28.8947,64.4101,86.14,6,5,6.42
549,Kampene,CD,2022-03-16 14:56:38,-3.6,26.6667,70.81,96,98,2.71
550,Kedrovyy,RU,2022-03-16 14:56:38,56.1667,91.8167,9.01,100,81,3.69
551,Phon,TH,2022-03-16 14:56:39,15.816,102.5998,84.97,52,79,5.86
552,Hervey Bay,AU,2022-03-16 14:56:39,-25.2986,152.8535,69.03,92,1,11.01
553,Kenai,US,2022-03-16 14:51:43,60.5544,-151.2583,27.14,85,100,21.85
554,Yerbogachen,RU,2022-03-16 14:56:40,61.2767,108.0108,-2.76,100,100,2.84
555,Mongagua,BR,2022-03-16 14:56:40,-24.0931,-46.6208,83.82,82,50,3.96
556,Awjilah,LY,2022-03-16 14:55:37,29.1081,21.2869,64.33,24,0,6.82
