City_ID,City,Country,Date,Lat,Lng,Max Temp,Humidity,Cloudiness,Wind Speed,Current Description
0,Rikitea,PF,2022-03-22 20:01:32,-23.1203,-134.9692,79.39,70,66,12.1,broken clouds
1,Padang,ID,2022-03-22 20:01:32,-0.9492,100.3543,76.82,86,84,3.76,heavy intensity rain
2,Egvekinot,RU,2022-03-22 20:01:33,66.3167,-179.1667,10.87,97,100,1.86,overcast clouds
3,Te Anau,NZ,2022-03-22 20:01:33,-45.4167,167.7167,56.26,84,9,0.81,clear sky
4,Goderich,CA,2022-03-22 20:01:20,43.7501,-81.7165,39.9,57,100,8.14,overcast clouds
5,Havoysund,NO,2022-03-22 20:01:33,70.9963,24.6622,30.43,92,100,23.17,snow
6,Mar Del Plata,AR,2022-03-22 19:58:11,-38.0023,-57.5575,78.82,84,40,10.0,scattered clouds
7,Castro,BR,2022-03-22 20:01:34,-24.7911,-50.0119,70.83,71,50,6.64,scattered clouds
8,Gold Coast,AU,2022-03-22 20:00:28,-28.0,153.4333,68.07,93,5,5.75,clear sky
9,Saldanha,ZA,2022-03-22 19:59:33,-33.0117,17.9442,75.25,76,100,5.64,overcast clouds
10,Gushikawa,JP,2022-03-22 20:01:35,26.3544,127.8686,66.2,100,100,5.75,moderate rain
11,Takoradi,GH,2022-03-22 20:01:35,4.8845,-1.7554,82.08,83,99,10.0,overcast clouds
12,Lavrentiya,RU,2022-03-22 20:01:36,65.5833,-171.0,5.31,86,84,3.02,broken clouds
13,Yellowknife,CA,2022-03-22 20:00:30,62.456,-114.3525,12.42,66,100,4.0,overcast clouds
14,Ushuaia,AR,2022-03-22 20:01:36,-54.8,-68.3,47.05,73,100,4.29,light rain
15,Artyom,AZ,2022-03-22 20:01:36,40.4723,50.333,39.34,66,100,30.74,overcast clouds
16,Leningradskiy,RU,2022-03-22 20:01:37,69.3833,178.4167,20.93,84,86,5.84,overcast clouds
17,Bairiki,KI,2022-03-22 20:01:37,1.3292,172.9752,80.33,72,100,18.39,overcast clouds
18,Hofn,IS,2022-03-22 20:01:12,64.2539,-15.2082,45.64,99,100,9.69,light rain
19,East London,ZA,2022-03-22 20:01:36,-33.0153,27.9116,72.72,79,6,10.89,clear sky
20,Punta Arenas,CL,2022-03-22 19:58:29,-53.15,-70.9167,53.71,40,0,31.07,clear sky
21,Mataura,NZ,2022-03-22 20:01:38,-46.1927,168.8643,55.94,93,7,1.95,clear sky
22,Yelizovo,RU,2022-03-22 20:01:38,53.1873,158.3805,15.94,72,20,4.47,few clouds
23,Nome,US,2022-03-22 20:01:39,64.5011,-165.4064,6.17,64,17,3.02,few clouds
24,Jamestown,US,2022-03-22 20:01:39,42.097,-79.2353,48.52,25,100,3.0,overcast clouds
25,Puquio,PE,2022-03-22 20:01:39,-14.7,-74.1333,58.77,79,87,10.69,overcast clouds
26,Thongwa,MM,2022-03-22 20:01:40,16.7619,96.5278,75.36,86,100,5.28,overcast clouds
27,Lagoa,PT,2022-03-22 20:01:40,39.05,-27.9833,59.2,79,18,14.99,few clouds
28,Camacupa,AO,2022-03-22 20:01:40,-12.0167,17.4833,63.93,94,100,5.28,light rain
29,Okha,RU,2022-03-22 20:01:41,53.5739,142.9478,4.42,94,55,9.35,broken clouds
30,Floro,NO,2022-03-22 20:01:41,61.5996,5.0328,41.97,81,20,6.91,few clouds
31,Comodoro Rivadavia,AR,2022-03-22 20:01:41,-45.8667,-67.5,64.36,39,100,45.28,overcast clouds
32,Saint-Raymond,CA,2022-03-22 19:58:29,45.467,-73.6095,41.41,41,20,21.85,few clouds
33,Severo-Kurilsk,RU,2022-03-22 20:01:42,50.6789,156.125,25.2,70,100,9.51,overcast clouds
34,Tabuk,PH,2022-03-22 20:01:43,17.4189,121.4443,72.41,92,19,1.88,few clouds
35,Hilo,US,2022-03-22 20:01:43,19.7297,-155.09,76.24,69,58,5.44,broken clouds
36,Longyearbyen,SJ,2022-03-22 20:01:43,78.2186,15.6401,10.24,67,20,11.5,few clouds
37,Chokurdakh,RU,2022-03-22 20:01:44,70.6333,147.9167,0.37,98,100,3.31,overcast clouds
38,Thompson,CA,2022-03-22 20:00:29,55.7435,-97.8558,24.96,93,100,2.3,overcast clouds
39,Klaksvik,FO,2022-03-22 20:01:44,62.2266,-6.589,47.32,90,100,20.0,overcast clouds
40,Lichuan,CN,2022-03-22 20:01:45,30.3,108.85,41.31,97,100,1.41,overcast clouds
41,Tuktoyaktuk,CA,2022-03-22 20:02:45,69.4541,-133.0374,-11.11,92,40,8.81,scattered clouds
42,Kijang,KR,2022-03-22 20:02:45,35.2442,129.2139,44.6,63,100,7.47,overcast clouds
43,Tuatapere,NZ,2022-03-22 20:02:46,-46.1333,167.6833,57.7,82,2,2.24,clear sky
44,Ntungamo,UG,2022-03-22 20:02:46,-0.8833,29.65,63.48,95,100,3.13,overcast clouds
45,Faanui,PF,2022-03-22 20:02:47,-16.4833,-151.75,80.83,75,99,11.61,light rain
46,Neuquen,AR,2022-03-22 19:59:16,-38.9516,-68.0591,78.69,25,0,5.75,clear sky
47,Busselton,AU,2022-03-22 20:02:47,-33.65,115.3333,53.02,82,0,11.03,clear sky
48,Capesterre-Belle-Eau,GP,2022-03-22 20:02:48,16.0432,-61.566,80.62,69,6,13.76,clear sky
49,Vila Velha,BR,2022-03-22 20:00:29,-20.3297,-40.2925,71.94,94,100,3.0,overcast clouds
50,Pangai,TO,2022-03-22 20:02:48,-19.8,-174.35,80.89,80,98,8.55,light rain
51,Hasaki,JP,2022-03-22 20:02:48,35.7333,140.8333,30.6,57,49,21.85,scattered clouds
52,Haapiti,PF,2022-03-22 20:02:49,-17.5667,-149.8667,85.73,72,56,12.84,light rain
53,Victoria,HK,2022-03-22 19:59:58,22.2855,114.1577,69.96,93,100,1.01,light rain
54,Poum,NC,2022-03-22 20:02:49,-20.2333,164.0167,79.41,77,96,16.2,overcast clouds
55,Puerto Ayora,EC,2022-03-22 20:02:50,-0.7393,-90.3518,83.55,85,56,8.01,broken clouds
56,Uruzgan,AF,2022-03-22 20:02:50,32.8333,66.0,59.31,26,93,1.7,overcast clouds
57,Cape Town,ZA,2022-03-22 20:00:31,-33.9258,18.4232,77.11,76,52,10.04,broken clouds
58,Kawalu,ID,2022-03-22 20:02:51,-7.3817,108.2082,73.13,92,99,1.97,overcast clouds
59,Manjacaze,MZ,2022-03-22 20:02:51,-24.7117,33.8828,67.86,92,0,5.28,clear sky
60,Port Alfred,ZA,2022-03-22 20:02:51,-33.5906,26.891,72.46,87,2,11.7,clear sky
61,Kodiak,US,2022-03-22 20:02:52,57.79,-152.4072,33.39,60,62,22.44,broken clouds
62,Georgetown,MY,2022-03-22 19:58:00,5.4112,100.3354,84.13,86,20,3.44,thunderstorm
63,Bosaso,SO,2022-03-22 20:02:52,11.2842,49.1816,78.76,72,7,3.04,clear sky
64,Esperance,AU,2022-03-22 20:02:53,-33.8667,121.9,61.27,65,95,8.55,overcast clouds
65,Fez,MA,2022-03-22 20:00:22,34.0372,-4.9998,61.05,72,75,11.5,broken clouds
66,Souillac,MU,2022-03-22 20:02:53,-20.5167,57.5167,80.04,87,21,10.8,few clouds
67,Dhidhdhoo,MV,2022-03-22 20:02:54,6.8833,73.1,82.24,68,7,11.34,clear sky
68,Prince Rupert,CA,2022-03-22 19:59:54,54.3161,-130.3201,42.89,93,100,5.75,moderate rain
69,Brae,GB,2022-03-22 20:02:54,60.3964,-1.353,44.26,91,69,9.62,broken clouds
70,Lebu,CL,2022-03-22 20:02:54,-37.6167,-73.65,60.22,68,4,11.23,clear sky
71,Hamilton,US,2022-03-22 20:00:02,39.1834,-84.5333,64.89,74,100,1.99,overcast clouds
72,Yeniseysk,RU,2022-03-22 20:02:55,58.4497,92.1703,22.21,96,100,4.9,light snow
73,Elblag,PL,2022-03-22 20:00:02,54.1522,19.4088,49.96,58,0,6.29,clear sky
74,Garissa,KE,2022-03-22 20:02:55,-0.4536,39.6401,83.77,57,9,17.69,clear sky
75,Iqaluit,CA,2022-03-22 20:02:56,63.7506,-68.5145,-5.31,70,18,18.99,few clouds
76,Ambon,ID,2022-03-22 20:02:56,-3.6954,128.1814,75.34,94,40,4.61,light rain
77,Chuy,UY,2022-03-22 20:02:56,-33.6971,-53.4616,69.35,84,100,7.72,light rain
78,Dasoguz,TM,2022-03-22 20:02:57,41.8363,59.9666,44.08,34,100,4.07,overcast clouds
79,Arraial Do Cabo,BR,2022-03-22 20:02:57,-22.9661,-42.0278,75.83,68,65,13.8,broken clouds
80,Hobart,AU,2022-03-22 20:00:11,-42.8794,147.3294,55.26,76,40,16.11,scattered clouds
81,Qaanaaq,GL,2022-03-22 20:02:58,77.484,-69.3632,-4.0,98,100,3.24,overcast clouds
82,Yima,CN,2022-03-22 20:02:58,34.7381,111.8839,41.59,81,3,5.99,clear sky
83,Yulara,AU,2022-03-22 20:02:58,-25.2406,130.9889,75.16,33,14,11.95,few clouds
84,Bambous Virieux,MU,2022-03-22 20:02:59,-20.3428,57.7575,78.22,84,18,11.99,light rain
85,Saint-Philippe,RE,2022-03-22 20:03:59,-21.3585,55.7679,78.39,89,68,9.55,broken clouds
86,Pangody,RU,2022-03-22 20:03:59,65.85,74.4859,1.63,94,100,11.18,overcast clouds
87,Bethel,US,2022-03-22 20:04:00,41.3712,-73.414,56.89,22,0,10.36,clear sky
88,Hermanus,ZA,2022-03-22 20:04:00,-34.4187,19.2345,70.81,84,77,15.9,broken clouds
89,Ullal,IN,2022-03-22 20:04:00,12.8,74.85,81.55,78,20,0.0,few clouds
90,Bredasdorp,ZA,2022-03-22 20:04:01,-34.5322,20.0403,69.13,86,80,13.69,broken clouds
91,Cabo San Lucas,MX,2022-03-22 20:01:51,22.8909,-109.9124,80.62,31,0,12.66,clear sky
92,Saiha,IN,2022-03-22 20:04:01,22.4833,92.9667,66.11,59,89,2.8,overcast clouds
93,Guiberoua,CI,2022-03-22 20:04:02,6.2392,-6.1727,79.11,73,100,3.36,light rain
94,Tiksi,RU,2022-03-22 20:04:02,71.6872,128.8694,-14.64,97,82,4.47,broken clouds
95,Pevek,RU,2022-03-22 20:04:03,69.7008,170.3133,23.83,78,100,22.24,overcast clouds
96,Khatanga,RU,2022-03-22 20:04:03,71.9667,102.5,-10.39,96,100,3.47,overcast clouds
97,Akdepe,TM,2022-03-22 20:04:03,42.0551,59.3788,43.2,30,100,5.79,overcast clouds
98,Krasnogorodsk,RU,2022-03-22 20:04:04,56.8357,28.2822,29.03,95,0,3.67,clear sky
99,Beloha,MG,2022-03-22 20:04:04,-25.1667,45.05,71.55,78,0,13.82,clear sky
100,Albany,US,2022-03-22 20:02:26,42.6001,-73.9662,51.58,26,30,4.0,scattered clouds
101,Amuntai,ID,2022-03-22 20:04:04,-2.4177,115.2494,73.85,93,100,2.06,overcast clouds
102,Vaini,TO,2022-03-22 20:04:05,-21.2,-175.2,80.76,100,100,4.61,overcast clouds
103,Talcahuano,CL,2022-03-22 20:04:05,-36.7167,-73.1167,59.97,69,0,17.6,clear sky
104,Vardo,NO,2022-03-22 20:04:06,70.3705,31.1107,30.18,86,0,11.5,clear sky
105,Bluff,NZ,2022-03-22 20:04:06,-46.6,168.3333,57.92,89,6,6.08,clear sky
106,Were Ilu,ET,2022-03-22 20:04:06,10.6,39.4333,56.79,71,55,3.69,broken clouds
107,Mutsu,JP,2022-03-22 20:04:07,41.2894,141.2169,30.9,79,22,6.53,few clouds
108,Leibnitz,AT,2022-03-22 20:04:07,46.7816,15.5384,44.87,52,0,2.82,clear sky
109,Talnakh,RU,2022-03-22 20:04:07,69.4865,88.3972,0.05,91,100,8.16,overcast clouds
110,Sinnamary,GF,2022-03-22 20:04:08,5.3833,-52.95,78.73,87,58,10.51,moderate rain
111,Sydney Mines,CA,2022-03-22 19:59:40,46.2367,-60.2177,29.17,77,100,26.46,overcast clouds
112,Vao,NC,2022-03-22 20:04:08,-22.6667,167.4833,76.15,70,58,9.35,broken clouds
113,Oistins,BB,2022-03-22 20:04:09,13.0667,-59.5333,78.91,70,1,16.06,clear sky
114,Kapaa,US,2022-03-22 20:03:29,22.0752,-159.319,75.18,88,100,19.57,thunderstorm with rain
115,Carnarvon,AU,2022-03-22 20:04:09,-24.8667,113.6333,78.57,65,89,15.75,overcast clouds
116,Mount Gambier,AU,2022-03-22 20:04:10,-37.8333,140.7667,58.21,58,90,8.68,overcast clouds
117,Airai,TL,2022-03-22 20:04:10,-8.9266,125.4092,59.59,91,100,1.03,overcast clouds
118,Tripoli,LY,2022-03-22 20:04:10,32.8752,13.1875,54.43,51,4,12.17,clear sky
119,Marzuq,YE,2022-03-22 20:04:11,14.4,46.4667,72.21,48,10,5.35,clear sky
120,Melo,UY,2022-03-22 20:04:11,-32.3667,-54.1833,68.81,86,100,3.38,moderate rain
121,Newport,GB,2022-03-22 20:00:01,51.5877,-2.9984,53.71,62,0,6.22,clear sky
122,Dingle,PH,2022-03-22 20:04:12,10.9995,122.6711,76.71,91,100,6.02,overcast clouds
123,Saskylakh,RU,2022-03-22 20:04:12,71.9167,114.0833,-10.68,99,100,2.28,overcast clouds
124,San,ML,2022-03-22 19:59:42,13.3034,-4.8956,93.63,10,81,9.15,broken clouds
125,Atuona,PF,2022-03-22 20:04:12,-9.8,-139.0333,79.18,79,100,15.88,light rain
126,Tessalit,ML,2022-03-22 20:04:13,20.1986,1.0114,78.06,8,0,7.99,clear sky
127,Riyadh,SA,2022-03-22 20:00:26,24.6877,46.7219,77.9,13,0,5.93,clear sky
128,Shimoda,JP,2022-03-22 20:04:13,34.6667,138.95,38.1,70,100,17.56,overcast clouds
129,Quatre Cocos,MU,2022-03-22 20:04:14,-20.2078,57.7625,78.1,85,24,11.68,light rain
130,Kloulklubed,PW,2022-03-22 20:04:14,7.0419,134.2556,81.46,79,100,16.91,overcast clouds
131,Castres,FR,2022-03-22 20:05:15,43.5833,2.1667,51.42,57,0,33.38,clear sky
132,Atyrau,KZ,2022-03-22 20:02:21,47.1167,51.8833,23.02,93,7,6.71,mist
133,Monrovia,LR,2022-03-22 20:02:53,6.3005,-10.7969,80.37,84,100,9.84,overcast clouds
134,Ribeira Grande,PT,2022-03-22 20:05:15,38.5167,-28.7,61.2,77,40,11.5,scattered clouds
135,Uvelskiy,RU,2022-03-22 20:05:16,54.4446,61.3574,23.7,83,100,12.41,overcast clouds
136,Peleduy,RU,2022-03-22 20:05:16,59.6289,112.7406,20.88,97,100,5.14,overcast clouds
137,Makarska,HR,2022-03-22 20:05:16,43.2969,17.0178,51.85,54,0,10.11,clear sky
138,Sobolevo,RU,2022-03-22 20:05:17,54.4299,31.8996,34.14,98,100,4.85,overcast clouds
139,Kropotkin,RU,2022-03-22 20:05:17,45.4375,40.5756,35.69,47,0,16.04,clear sky
140,Hithadhoo,MV,2022-03-22 20:05:18,-0.6,73.0833,83.35,75,0,14.45,clear sky
141,Polson,US,2022-03-22 20:05:18,47.6936,-114.1632,50.72,50,40,1.99,scattered clouds
142,Nanakuli,US,2022-03-22 20:05:19,21.3906,-158.1547,80.55,65,0,8.05,light rain
143,Palmer,US,2022-03-22 20:05:19,42.1584,-72.3287,53.85,18,20,21.85,few clouds
144,Sao Joao Da Barra,BR,2022-03-22 20:05:19,-21.6403,-41.0511,75.29,63,32,12.66,scattered clouds
145,Saint George,US,2022-03-22 20:00:31,37.1041,-113.5841,66.43,23,0,7.0,clear sky
146,Barrow,US,2022-03-22 20:05:20,71.2906,-156.7887,-23.78,91,0,9.22,clear sky
147,Port Elizabeth,ZA,2022-03-22 20:03:19,-33.918,25.5701,70.32,95,2,3.0,clear sky
148,Portland,US,2022-03-22 20:02:22,45.5234,-122.6762,65.41,83,40,6.91,scattered clouds
149,Flinders,AU,2022-03-22 20:05:21,-34.5833,150.8552,70.38,86,91,11.07,light rain
150,Kamenka,RU,2022-03-22 20:05:21,51.3223,42.7678,27.81,96,100,11.05,overcast clouds
151,Korla,CN,2022-03-22 20:05:21,41.7597,86.1469,43.92,67,18,1.81,few clouds
152,Codrington,AU,2022-03-22 20:05:22,-38.2667,141.9667,59.04,63,100,12.97,overcast clouds
153,Davila,PH,2022-03-22 20:05:22,18.4726,120.5763,79.93,83,62,14.56,broken clouds
154,Kenai,US,2022-03-22 20:05:22,60.5544,-151.2583,30.29,50,20,19.57,few clouds
155,Jiayuguan,CN,2022-03-22 20:05:23,39.8167,98.3,39.06,50,4,5.88,clear sky
156,Mazagao,BR,2022-03-22 20:05:23,-0.115,-51.2894,87.85,85,100,0.74,overcast clouds
157,San Jose Del Guaviare,CO,2022-03-22 20:05:24,2.5729,-72.6459,82.76,77,60,2.66,broken clouds
158,Vuktyl,RU,2022-03-22 20:05:24,63.8567,57.3094,24.26,81,100,13.18,overcast clouds
159,Astoria,US,2022-03-22 20:01:25,46.1879,-123.8313,61.43,91,100,4.61,haze
160,Adrar,MR,2022-03-22 20:05:24,20.5022,-10.0711,81.73,9,0,7.11,clear sky
161,Dzaoudzi,YT,2022-03-22 20:05:25,-12.7887,45.2699,82.29,83,0,3.44,clear sky
162,Alofi,NU,2022-03-22 20:05:25,-19.0595,-169.9187,82.29,89,75,4.61,broken clouds
163,San Cristobal,VE,2022-03-22 20:05:26,7.7669,-72.225,77.18,55,98,5.66,overcast clouds
164,Katangli,RU,2022-03-22 20:05:26,51.7102,143.2326,17.62,88,80,10.71,broken clouds
165,Sao Filipe,CV,2022-03-22 20:05:27,14.8961,-24.4956,70.68,74,8,12.73,clear sky
166,Norman Wells,CA,2022-03-22 20:05:27,65.282,-126.8329,4.51,86,100,10.76,overcast clouds
167,Bandarbeyla,SO,2022-03-22 20:03:33,9.4942,50.8122,77.04,78,59,4.5,broken clouds
168,Ust-Nera,RU,2022-03-22 20:05:27,64.5667,143.2,-0.04,98,100,3.67,overcast clouds
169,College,US,2022-03-22 20:05:28,64.8569,-147.8028,10.58,56,75,5.75,broken clouds
170,Am Timan,TD,2022-03-22 20:05:28,11.0297,20.2827,90.0,8,100,5.37,overcast clouds
171,Slave Lake,CA,2022-03-22 20:00:29,55.2834,-114.769,49.71,57,31,8.3,scattered clouds
172,Vestmanna,FO,2022-03-22 20:05:29,62.1564,-7.1664,45.52,93,100,11.5,overcast clouds
173,Bengkulu,ID,2022-03-22 20:04:47,-3.8004,102.2655,75.63,87,100,4.76,overcast clouds
174,Pauini,BR,2022-03-22 20:05:29,-7.7136,-66.9764,83.75,81,92,2.64,overcast clouds
175,Wattegama,LK,2022-03-22 20:05:29,6.7989,81.4808,75.24,90,55,2.06,broken clouds
176,Obera,AR,2022-03-22 20:05:30,-27.4871,-55.1199,84.42,46,90,4.99,moderate rain
177,Onega,RU,2022-03-22 20:05:30,63.9061,38.1404,31.96,96,100,7.9,overcast clouds
178,Provideniya,RU,2022-03-22 20:06:31,64.3833,-173.3,11.77,79,30,2.19,scattered clouds
179,Nantucket,US,2022-03-22 20:05:58,41.2835,-70.0995,53.74,35,0,17.27,clear sky
180,Banda Aceh,ID,2022-03-22 20:06:31,5.5577,95.3222,79.61,80,65,8.05,broken clouds
181,Bonthe,SL,2022-03-22 20:06:31,7.5264,-12.505,78.78,79,48,8.99,scattered clouds
182,Avarua,CK,2022-03-22 20:06:32,-21.2078,-159.775,78.85,89,100,4.61,overcast clouds
183,Ilulissat,GL,2022-03-22 20:06:32,69.2167,-51.1,3.22,66,75,12.66,light shower snow
184,Barhi,IN,2022-03-22 20:06:33,23.9,80.8,77.97,15,75,4.32,broken clouds
185,Kitimat,CA,2022-03-22 20:06:33,54.0524,-128.6534,44.98,100,100,1.9,heavy intensity rain
186,Kemin,KG,2022-03-22 20:06:33,42.7846,75.6892,32.5,97,100,3.78,snow
187,San-Pedro,CI,2022-03-22 20:06:34,4.7485,-6.6363,80.04,84,100,7.78,overcast clouds
188,Pisco,PE,2022-03-22 20:06:34,-13.7,-76.2167,76.01,64,0,23.02,clear sky
189,Ranong,TH,2022-03-22 20:06:34,9.9658,98.6348,78.48,86,99,2.66,overcast clouds
190,Aitape,PG,2022-03-22 20:06:35,-3.1374,142.3475,79.18,81,100,1.34,light rain
191,Hailar,CN,2022-03-22 20:06:35,49.2,119.7,2.44,92,89,6.02,overcast clouds
192,Yumen,CN,2022-03-22 20:06:36,40.2833,97.2,40.71,49,40,14.23,scattered clouds
193,Sri Aman,MY,2022-03-22 20:06:36,1.2376,111.4621,73.36,89,100,1.32,light rain
194,Canarana,BR,2022-03-22 20:06:36,-11.6847,-41.7689,86.79,35,100,10.16,overcast clouds
195,Bilma,NE,2022-03-22 20:06:37,18.6853,12.9164,75.6,17,3,13.71,clear sky
196,Wilmington Island,US,2022-03-22 20:06:37,32.0036,-80.9737,76.03,60,75,10.36,broken clouds
197,Mount Isa,AU,2022-03-22 20:06:37,-20.7333,139.5,67.77,56,99,0.0,light rain
198,Ongandjera,NA,2022-03-22 20:06:38,-17.8833,15.0667,73.4,71,21,6.26,light rain
199,Miami,US,2022-03-22 20:06:06,25.7743,-80.1937,81.01,68,75,14.97,broken clouds
200,Grand Gaube,MU,2022-03-22 20:06:38,-20.0064,57.6608,78.39,88,72,3.0,moderate rain
201,Les Cayes,HT,2022-03-22 20:06:39,18.2,-73.75,82.63,57,41,13.02,scattered clouds
202,Tazovskiy,RU,2022-03-22 20:06:39,67.4667,78.7,1.17,91,100,10.04,overcast clouds
203,Vasteras,SE,2022-03-22 20:02:42,59.6162,16.5528,40.91,62,8,4.61,clear sky
204,Sur,OM,2022-03-22 20:06:39,22.5667,59.5289,77.77,49,0,9.22,clear sky
205,Saint Anthony,US,2022-03-22 20:05:46,45.0205,-93.218,41.95,92,100,16.11,moderate rain
206,Naze,JP,2022-03-22 20:06:40,28.3667,129.4833,61.16,84,100,10.6,overcast clouds
207,Turukhansk,RU,2022-03-22 20:06:40,65.8167,87.9833,-6.07,100,87,6.08,overcast clouds
208,Inongo,CD,2022-03-22 20:06:41,-1.95,18.2667,71.82,91,99,4.99,overcast clouds
209,Najran,SA,2022-03-22 20:06:41,17.4924,44.1277,73.47,37,2,4.76,clear sky
210,Juba,SS,2022-03-22 20:06:41,4.8517,31.5825,78.69,61,49,4.74,scattered clouds
211,Knysna,ZA,2022-03-22 20:06:42,-34.0363,23.0471,69.75,92,56,5.75,broken clouds
212,Bismarck,US,2022-03-22 20:06:42,46.8083,-100.7837,49.06,33,0,29.93,clear sky
213,Butaritari,KI,2022-03-22 20:05:56,3.0707,172.7902,81.05,75,68,20.98,light rain
214,Aljezur,PT,2022-03-22 20:06:43,37.3191,-8.8033,55.8,88,99,7.7,overcast clouds
215,Ponta Do Sol,PT,2022-03-22 20:06:43,32.6667,-17.1,64.06,66,43,12.62,scattered clouds
216,Liuzhou,CN,2022-03-22 20:06:43,24.3126,109.3892,51.73,87,100,11.59,moderate rain
217,Srandakan,ID,2022-03-22 20:06:44,-7.9386,110.2506,77.77,87,100,4.21,overcast clouds
218,Nikolayevsk-Na-Amure,RU,2022-03-22 20:06:44,53.1406,140.73,14.02,90,80,4.83,broken clouds
219,Chegdomyn,RU,2022-03-22 20:06:44,51.1167,133.0167,1.2,99,53,3.02,broken clouds
220,Buchanan,LR,2022-03-22 20:06:45,5.8808,-10.0467,80.11,87,100,6.93,overcast clouds
221,Spring Hill,US,2022-03-22 20:04:45,28.4769,-82.5255,87.89,39,40,5.01,scattered clouds
222,Axim,GH,2022-03-22 20:06:45,4.8699,-2.2405,81.72,84,81,8.9,broken clouds
223,Danjiangkou,CN,2022-03-22 20:07:45,32.5428,111.5086,40.32,94,100,4.76,overcast clouds
224,Torbay,CA,2022-03-22 20:05:31,47.6666,-52.7314,34.29,81,75,20.71,shower rain
225,Lupiro,TZ,2022-03-22 20:07:46,-8.3833,36.6667,71.01,97,100,1.32,light rain
226,Lata,PT,2022-03-22 20:07:46,40.1629,-8.3327,56.8,94,100,3.78,light rain
227,Fontanka,UA,2022-03-22 20:07:47,46.5626,30.8607,40.1,67,0,3.42,clear sky
228,Tortoli,IT,2022-03-22 20:07:47,39.9256,9.6572,49.82,66,78,4.5,broken clouds
229,Shoreview,US,2022-03-22 20:07:47,45.0791,-93.1472,41.92,93,100,16.11,moderate rain
230,Dongsheng,CN,2022-03-22 20:07:48,39.8161,109.9776,30.58,76,55,12.37,broken clouds
231,Harper,LR,2022-03-22 20:07:48,4.375,-7.7169,80.4,81,100,9.6,overcast clouds
232,Accra,GH,2022-03-22 20:07:48,5.556,-0.1969,83.43,78,100,13.24,overcast clouds
233,Uyuni,BO,2022-03-22 20:07:49,-20.4597,-66.825,64.67,34,16,16.2,few clouds
234,Ucluelet,CA,2022-03-22 20:05:46,48.9329,-125.5528,51.1,93,100,1.01,overcast clouds
235,Vostok,RU,2022-03-22 20:07:49,46.4856,135.8833,15.71,97,97,5.44,overcast clouds
236,Salinas,US,2022-03-22 20:07:50,36.6777,-121.6555,85.01,41,0,6.91,clear sky
237,Upernavik,GL,2022-03-22 20:07:50,72.7868,-56.1549,-6.57,80,100,6.85,overcast clouds
238,Karla,EE,2022-03-22 20:07:50,59.3723,24.9275,39.16,57,0,8.05,clear sky
239,Westport,US,2022-03-22 20:07:51,41.1415,-73.3579,58.28,15,0,20.71,clear sky
240,Makat,KZ,2022-03-22 20:07:51,47.6469,53.3463,25.9,92,6,7.34,clear sky
241,East Chicago,US,2022-03-22 20:06:27,41.6392,-87.4548,59.05,77,100,17.27,overcast clouds
242,Bulgan,MN,2022-03-22 20:07:51,48.8125,103.5347,19.45,43,5,3.65,clear sky
243,Puerto Baquerizo Moreno,EC,2022-03-22 20:07:52,-0.9,-89.6,83.39,70,40,11.5,scattered clouds
244,Deputatskiy,RU,2022-03-22 20:07:52,69.3,139.9,-5.13,98,100,4.63,overcast clouds
245,Antigonish,CA,2022-03-22 20:07:52,45.6169,-61.9986,29.26,76,100,8.01,overcast clouds
246,Cidreira,BR,2022-03-22 20:07:53,-30.1811,-50.2056,73.27,77,100,24.87,overcast clouds
247,Bathsheba,BB,2022-03-22 20:07:53,13.2167,-59.5167,81.21,69,40,18.41,scattered clouds
248,Mantua,IT,2022-03-22 20:03:38,45.1667,10.7833,47.44,49,0,2.35,clear sky
249,Luderitz,NA,2022-03-22 20:07:54,-26.6481,15.1594,66.38,81,0,14.32,clear sky
250,Horsham,GB,2022-03-22 20:07:54,51.064,-0.3272,55.72,61,0,5.75,clear sky
251,New Norfolk,AU,2022-03-22 20:05:59,-42.7826,147.0587,54.9,60,66,5.01,broken clouds
252,Guerrero Negro,MX,2022-03-22 20:07:55,27.9769,-114.0611,72.21,43,6,13.69,clear sky
253,San Patricio,US,2022-03-22 20:07:55,28.017,-97.5169,82.49,29,0,19.3,clear sky
254,Krasnyy Chikoy,RU,2022-03-22 20:07:55,50.3643,108.7512,4.12,99,84,1.14,broken clouds
255,Lubango,AO,2022-03-22 20:07:56,-14.9172,13.4925,62.38,94,100,3.58,moderate rain
256,Nanortalik,GL,2022-03-22 20:07:56,60.1432,-45.2371,23.79,72,100,7.02,overcast clouds
257,Dzilam Gonzalez,MX,2022-03-22 20:07:57,21.2833,-88.9333,97.09,30,0,8.05,clear sky
258,Haines Junction,CA,2022-03-22 20:07:57,60.7522,-137.5108,21.83,89,100,3.09,light snow
259,Ust-Maya,RU,2022-03-22 20:07:57,60.4167,134.5333,-8.57,100,100,2.42,overcast clouds
260,Matamoros,MX,2022-03-22 20:07:58,25.5333,-103.25,71.71,14,0,12.66,clear sky
261,Tukrah,LY,2022-03-22 20:07:58,32.5341,20.5791,49.57,63,15,10.89,few clouds
262,Epe,NG,2022-03-22 20:07:58,6.5841,3.9834,81.81,82,100,9.19,overcast clouds
263,Fortuna,US,2022-03-22 20:07:59,40.5982,-124.1573,55.98,89,100,11.5,overcast clouds
264,Mackay,AU,2022-03-22 20:07:59,-21.15,149.2,69.67,75,9,2.57,clear sky
265,Puerto Carreno,CO,2022-03-22 20:07:59,6.189,-67.4859,96.35,31,96,2.24,overcast clouds
266,Sitka,US,2022-03-22 20:08:00,57.0531,-135.33,46.29,61,75,20.71,broken clouds
267,Mojo,ET,2022-03-22 20:08:00,8.6,39.1167,70.38,49,86,1.79,light rain
268,Baiyin,CN,2022-03-22 20:08:00,36.5583,104.2081,40.64,36,74,1.83,broken clouds
269,Khonsa,IN,2022-03-22 20:08:01,27.0167,95.5667,66.79,52,14,3.65,few clouds
270,Katsuura,JP,2022-03-22 20:09:01,35.1333,140.3,42.58,69,93,17.96,overcast clouds
271,Dabat,ET,2022-03-22 20:09:01,12.9842,37.765,63.46,27,58,4.72,broken clouds
272,Dikson,RU,2022-03-22 20:09:02,73.5069,80.5464,7.34,89,100,18.48,overcast clouds
273,Sigiriya,LK,2022-03-22 20:09:02,7.9518,80.7426,72.79,94,14,3.02,few clouds
274,Port-Gentil,GA,2022-03-22 20:09:03,-0.7193,8.7815,81.37,78,95,8.19,overcast clouds
275,Largu,RO,2022-03-22 20:09:03,44.9667,27.15,39.69,66,0,7.76,clear sky
276,Acapulco,MX,2022-03-22 20:06:12,16.8634,-99.8901,84.02,58,0,5.75,clear sky
277,Vila Franca Do Campo,PT,2022-03-22 20:07:09,37.7167,-25.4333,62.2,82,46,10.18,scattered clouds
278,Mangit,UZ,2022-03-22 20:09:04,40.5971,70.9607,54.01,61,100,7.31,overcast clouds
279,Kahului,US,2022-03-22 20:04:39,20.8947,-156.47,81.97,69,40,18.41,scattered clouds
280,Kaitangata,NZ,2022-03-22 20:09:04,-46.2817,169.8464,55.76,92,8,2.95,clear sky
281,Avera,US,2022-03-22 20:09:05,33.194,-82.5271,76.55,46,100,11.68,overcast clouds
282,Coahuayana,MX,2022-03-22 20:09:05,18.7333,-103.6833,89.26,34,10,9.46,clear sky
283,Salta,AR,2022-03-22 20:07:42,-24.7859,-65.4117,71.51,76,73,4.34,broken clouds
284,Salalah,OM,2022-03-22 20:09:06,17.0151,54.0924,75.29,64,0,4.61,clear sky
285,Mayumba,GA,2022-03-22 20:09:06,-3.432,10.6554,79.59,89,100,4.05,overcast clouds
286,Qasigiannguit,GL,2022-03-22 20:06:13,68.8193,-51.1922,3.45,96,100,5.46,overcast clouds
287,Ocean City,US,2022-03-22 20:09:06,39.2776,-74.5746,64.58,62,82,5.99,broken clouds
288,Mithi,PK,2022-03-22 20:09:07,24.7318,69.7981,71.67,68,0,10.07,clear sky
289,Vallenar,CL,2022-03-22 20:09:07,-28.5708,-70.7581,82.26,27,0,10.98,clear sky
290,Mae Sai,TH,2022-03-22 20:04:09,20.4335,99.8762,73.33,90,100,1.16,overcast clouds
291,Port Lincoln,AU,2022-03-22 20:09:08,-34.7333,135.8667,62.19,77,100,15.77,overcast clouds
292,Faya,SA,2022-03-22 20:09:08,18.3851,42.4509,59.52,53,0,3.67,clear sky
293,Rantoul,US,2022-03-22 20:09:08,40.3084,-88.1559,54.01,89,100,26.46,light rain
294,North Platte,US,2022-03-22 20:08:40,41.1239,-100.7654,53.11,23,100,35.01,overcast clouds
295,Neos Marmaras,GR,2022-03-22 20:09:09,40.1,23.7833,48.29,64,66,29.17,broken clouds
296,Nikolskoye,RU,2022-03-22 20:09:09,59.7035,30.7861,37.29,84,1,5.21,clear sky
297,Auki,SB,2022-03-22 20:09:10,-8.7676,160.7034,77.2,89,100,4.05,overcast clouds
298,Japura,ID,2022-03-22 20:09:10,-0.3167,102.35,75.6,96,98,0.89,light rain
299,Porosozero,RU,2022-03-22 20:09:10,62.7191,32.727,29.46,96,40,5.77,scattered clouds
300,Katherine,AU,2022-03-22 20:09:11,-14.4667,132.2667,79.12,78,100,4.61,overcast clouds
301,Aasiaat,GL,2022-03-22 20:09:11,68.7098,-52.8699,4.32,92,100,8.63,overcast clouds
302,Tezu,IN,2022-03-22 20:09:12,27.9167,96.1667,76.98,33,87,4.21,overcast clouds
303,Pelym,RU,2022-03-22 20:09:12,61.0108,61.9978,25.36,85,85,9.66,overcast clouds
304,Olafsvik,IS,2022-03-22 20:09:12,64.8945,-23.7142,35.76,95,100,21.68,overcast clouds
305,Berezovka,BY,2022-03-22 20:09:13,53.7214,25.4993,44.69,62,0,0.74,clear sky
306,Ahipara,NZ,2022-03-22 20:09:13,-35.1667,173.1667,65.91,88,35,2.73,scattered clouds
307,Samagaltay,RU,2022-03-22 20:09:13,50.6022,95.0047,11.82,83,100,2.08,overcast clouds
308,Cabatuan,PH,2022-03-22 20:09:14,10.8794,122.486,77.07,89,99,7.2,overcast clouds
309,Tafresh,IR,2022-03-22 20:09:14,34.692,50.013,44.6,71,4,2.17,clear sky
310,Anadyr,RU,2022-03-22 20:09:15,64.75,177.4833,21.49,79,100,18.79,overcast clouds
311,Forbes,AU,2022-03-22 20:09:15,-33.3833,148.0167,67.91,56,100,5.73,overcast clouds
312,Pangnirtung,CA,2022-03-22 20:09:15,66.1451,-65.7125,-7.69,93,11,2.57,few clouds
313,Mazamari,PE,2022-03-22 20:09:16,-11.3258,-74.5308,87.87,50,60,1.86,broken clouds
314,Jiangyou,CN,2022-03-22 20:09:16,31.7667,104.7167,50.65,87,100,2.15,overcast clouds
315,Port Hedland,AU,2022-03-22 20:09:17,-20.3167,118.5667,89.65,45,100,12.66,overcast clouds
316,Takaka,NZ,2022-03-22 20:10:17,-40.85,172.8,65.55,95,100,3.98,overcast clouds
317,Batagay-Alyta,RU,2022-03-22 20:10:17,67.8006,130.4114,-19.1,77,96,5.97,overcast clouds
318,Saint-Joseph,RE,2022-03-22 20:10:18,-21.3667,55.6167,77.38,89,42,10.22,scattered clouds
319,Lucapa,AO,2022-03-22 20:10:18,-8.4192,20.7447,65.82,97,100,7.14,light rain
320,Husavik,IS,2022-03-22 20:10:19,66.0449,-17.3389,33.64,98,100,14.56,overcast clouds
321,Mbanza-Ngungu,CD,2022-03-22 20:10:19,-5.25,14.8667,66.76,93,100,3.42,overcast clouds
322,Ixtapa,MX,2022-03-22 20:10:19,20.7,-105.2,90.19,16,45,8.63,scattered clouds
323,Santa Isabel Do Rio Negro,BR,2022-03-22 20:10:20,-0.4139,-65.0192,82.27,81,92,0.98,overcast clouds
324,Rio Grande,BR,2022-03-22 20:10:20,-32.035,-52.0986,75.31,73,100,20.27,light rain
325,Okhotsk,RU,2022-03-22 20:10:20,59.3833,143.3,19.58,96,100,7.0,light snow
326,Broken Hill,AU,2022-03-22 20:07:19,-31.95,141.4333,62.17,64,51,17.74,broken clouds
327,Port Moresby,PG,2022-03-22 20:10:21,-9.4431,147.1797,76.21,86,99,4.27,overcast clouds
328,Alekseyevka,RU,2022-03-22 20:10:21,50.6309,38.6903,29.61,94,80,5.86,broken clouds
329,Skjervoy,NO,2022-03-22 20:10:22,70.0311,20.9714,33.8,98,100,11.05,snow
330,Sabha,LY,2022-03-22 20:10:22,27.0377,14.4283,55.63,30,0,11.36,clear sky
331,Kaeo,NZ,2022-03-22 20:10:22,-35.1,173.7833,66.33,96,20,3.29,few clouds
332,Mehamn,NO,2022-03-22 20:10:23,71.0357,27.8492,31.91,93,100,27.63,light shower snow
333,Patea,NZ,2022-03-22 20:10:23,-39.7583,174.4833,65.7,83,100,2.53,light rain
334,Ugoofaaru,MV,2022-03-22 20:10:23,5.6667,73.0,82.06,69,9,11.92,clear sky
335,Jawhar,SO,2022-03-22 20:10:24,2.7809,45.5005,77.25,78,8,12.03,clear sky
336,Twentynine Palms,US,2022-03-22 20:10:24,34.1356,-116.0542,78.96,20,28,5.99,scattered clouds
337,Zhezkazgan,KZ,2022-03-22 20:10:24,47.8043,67.7144,12.34,94,10,7.16,clear sky
338,Butterworth,MY,2022-03-22 20:10:25,5.3991,100.3638,84.24,70,20,3.44,thunderstorm
339,Laguna,US,2022-03-22 20:10:25,38.421,-121.4238,79.11,41,0,5.75,clear sky
340,Cap Malheureux,MU,2022-03-22 20:10:26,-19.9842,57.6142,78.48,88,74,4.0,moderate rain
341,Malakal,SS,2022-03-22 20:10:26,9.5334,31.6605,88.84,9,30,5.28,scattered clouds
342,Koslan,RU,2022-03-22 20:10:26,63.4564,48.8989,28.06,84,82,12.75,broken clouds
343,Sao Jose Da Coroa Grande,BR,2022-03-22 20:10:27,-8.8978,-35.1478,80.69,78,83,8.39,broken clouds
344,Mahebourg,MU,2022-03-22 20:06:04,-20.4081,57.7,78.26,84,19,12.15,light rain
345,Manbij,SY,2022-03-22 20:10:27,36.5281,37.9549,40.78,68,13,2.66,light rain
346,Kangaba,ML,2022-03-22 20:10:28,11.9333,-8.4167,93.85,24,41,3.78,scattered clouds
347,Nizwa,OM,2022-03-22 20:10:28,22.9333,57.5333,73.9,28,0,6.44,clear sky
348,Tilichiki,RU,2022-03-22 20:10:28,60.4667,166.1,20.68,95,100,7.74,overcast clouds
349,Swan River,CA,2022-03-22 20:10:29,52.1058,-101.2676,34.0,96,88,10.27,overcast clouds
350,Ola,RU,2022-03-22 20:10:29,59.5833,151.2833,10.15,98,99,5.53,overcast clouds
351,Aklavik,CA,2022-03-22 20:10:29,68.2191,-135.0107,-3.41,90,100,9.98,overcast clouds
352,Yambio,SS,2022-03-22 20:10:30,4.5721,28.3955,71.65,83,100,8.79,light rain
353,Senanga,ZM,2022-03-22 20:10:30,-16.1167,23.2667,66.6,80,8,5.41,clear sky
354,Huntington,US,2022-03-22 20:10:30,38.4193,-82.4452,72.5,20,0,12.66,clear sky
355,Ryotsu,JP,2022-03-22 20:10:31,38.0833,138.4333,38.44,58,1,8.48,clear sky
356,Jalu,LY,2022-03-22 20:10:31,29.0331,21.5482,52.86,48,33,17.45,scattered clouds
357,Bukama,CD,2022-03-22 20:10:32,-9.2,25.85,69.15,98,99,3.83,overcast clouds
358,Anloga,GH,2022-03-22 20:10:32,5.7947,0.8973,83.35,81,99,14.5,overcast clouds
359,San Isidro,PE,2022-03-22 20:06:49,-12.1167,-77.05,74.5,79,0,12.66,clear sky
360,Zeya,RU,2022-03-22 20:10:32,53.75,127.2667,5.2,92,17,4.07,few clouds
361,Lakes Entrance,AU,2022-03-22 20:10:33,-37.8811,147.981,57.16,86,77,11.59,broken clouds
362,Mandeville,JM,2022-03-22 20:06:38,18.0417,-77.5071,76.39,63,86,12.21,overcast clouds
363,Hameln,DE,2022-03-22 20:11:33,52.104,9.3562,51.8,57,0,2.77,clear sky
364,Sinop,TR,2022-03-22 20:11:34,41.7711,34.8709,23.94,92,35,4.88,scattered clouds
365,Belmonte,BR,2022-03-22 20:11:34,-15.8631,-38.8828,77.5,86,44,8.63,scattered clouds
366,Esil,KZ,2022-03-22 20:11:35,51.9556,66.4042,12.72,97,62,9.93,broken clouds
367,Zarya,RU,2022-03-22 20:11:35,55.7553,38.0958,40.51,94,0,4.74,clear sky
368,Vestmannaeyjar,IS,2022-03-22 20:11:35,63.4427,-20.2734,45.93,91,100,7.99,overcast clouds
369,Tumut,AU,2022-03-22 20:11:36,-35.3,148.2167,61.39,92,100,2.3,overcast clouds
370,Gualeguaychu,AR,2022-03-22 20:11:05,-33.0094,-58.5172,66.06,94,100,4.81,overcast clouds
371,Makakilo City,US,2022-03-22 20:11:36,21.3469,-158.0858,79.12,65,0,11.5,light rain
372,Hwange,ZW,2022-03-22 20:11:36,-18.3693,26.5019,66.51,78,12,0.89,few clouds
373,Berdigestyakh,RU,2022-03-22 20:11:37,62.0989,126.6992,-4.81,100,100,2.19,overcast clouds
374,Nuristan,AF,2022-03-22 20:11:37,35.3,70.8333,24.96,62,100,8.93,overcast clouds
375,Zmeinogorsk,RU,2022-03-22 20:11:38,51.1567,82.195,25.45,93,100,15.97,light snow
376,Vangaindrano,MG,2022-03-22 20:11:38,-23.35,47.6,73.29,81,100,0.54,overcast clouds
377,Kyaikkami,MM,2022-03-22 20:11:38,16.08,97.5675,80.46,81,97,9.84,overcast clouds
378,South Lake Tahoe,US,2022-03-22 20:11:39,38.9332,-119.9844,56.97,49,0,8.99,clear sky
379,Teknaf,BD,2022-03-22 20:11:39,20.8624,92.3058,74.62,90,75,7.27,broken clouds
380,Coquimbo,CL,2022-03-22 20:11:39,-29.9533,-71.3436,65.93,72,20,11.5,few clouds
381,Pocoes,BR,2022-03-22 20:07:56,-14.5297,-40.3653,74.62,70,64,9.22,broken clouds
382,Batouri,CM,2022-03-22 20:11:40,4.4333,14.3667,79.81,33,99,4.14,overcast clouds
383,Zapolyarnyy,RU,2022-03-22 20:11:40,69.4154,30.8136,31.28,97,100,6.08,overcast clouds
384,Kangaatsiaq,GL,2022-03-22 20:11:41,68.3065,-53.4641,4.59,92,100,9.1,overcast clouds
385,Kaspiyskiy,RU,2022-03-22 20:11:41,45.3929,47.3707,35.31,50,0,3.29,clear sky
386,Maragogi,BR,2022-03-22 20:11:41,-9.0122,-35.2225,80.69,78,89,8.14,light rain
387,Labrea,BR,2022-03-22 20:11:42,-7.2586,-64.7981,83.41,83,51,3.67,broken clouds
388,Sangmelima,CM,2022-03-22 20:07:11,2.9333,11.9833,75.58,66,100,3.0,light rain
389,Sikeston,US,2022-03-22 20:11:42,36.8767,-89.5879,55.29,100,100,5.75,moderate rain
390,Tasiilaq,GL,2022-03-22 20:11:43,65.6145,-37.6368,14.16,65,12,3.09,few clouds
391,Hami,CN,2022-03-22 20:11:43,42.8,93.45,43.48,45,82,3.89,broken clouds
392,Kruisfontein,ZA,2022-03-22 20:11:43,-34.0033,24.7314,65.88,96,15,4.05,few clouds
393,Pitimbu,BR,2022-03-22 20:11:44,-7.4706,-34.8086,82.99,74,87,9.82,overcast clouds
394,Gravdal,NO,2022-03-22 20:08:29,68.1214,13.5031,42.69,75,75,6.91,broken clouds
395,Hobyo,SO,2022-03-22 20:11:44,5.3505,48.5268,79.23,76,14,11.92,few clouds
396,Pacific Grove,US,2022-03-22 20:11:44,36.6177,-121.9166,82.08,57,0,6.91,clear sky
397,Morant Bay,JM,2022-03-22 20:11:45,17.8815,-76.4093,82.02,70,38,13.33,scattered clouds
398,Trinidad,BO,2022-03-22 20:11:45,-14.8333,-64.9,86.88,64,48,2.15,scattered clouds
399,Dhemaji,IN,2022-03-22 20:11:46,27.4833,94.5833,71.71,53,2,5.48,clear sky
400,Constitucion,CL,2022-03-22 20:11:46,-35.3333,-72.4167,63.5,63,1,15.7,clear sky
401,Coihaique,CL,2022-03-22 20:09:40,-45.5752,-72.0662,60.75,51,75,8.05,broken clouds
402,Ambovombe,MG,2022-03-22 20:11:46,-25.1667,46.0833,71.42,82,0,12.21,clear sky
403,Soc Trang,VN,2022-03-22 20:11:47,9.6033,105.98,78.67,82,36,3.4,scattered clouds
404,Povorino,RU,2022-03-22 20:11:47,51.1945,42.2457,28.58,95,100,10.33,overcast clouds
405,Praia Da Vitoria,PT,2022-03-22 20:11:47,38.7333,-27.0667,60.76,80,24,10.94,few clouds
406,Celestun,MX,2022-03-22 20:08:25,20.8667,-90.4,87.69,56,1,7.4,clear sky
407,Viesca,MX,2022-03-22 20:11:48,25.35,-102.8,72.18,12,0,8.48,clear sky
408,Karratha,AU,2022-03-22 20:11:48,-20.7377,116.8463,88.92,43,100,13.91,overcast clouds
409,Porto Novo,BJ,2022-03-22 20:12:49,6.4965,2.6036,83.53,76,100,8.48,overcast clouds
410,Hirara,JP,2022-03-22 20:12:49,24.8,125.2833,70.48,90,100,15.05,light rain
411,Kanigiri,IN,2022-03-22 20:12:49,15.4,79.5167,82.58,71,96,7.9,overcast clouds
412,Guacimo,CR,2022-03-22 20:12:50,10.2104,-83.6807,85.14,60,89,6.33,overcast clouds
413,Fallon,US,2022-03-22 20:08:36,39.4735,-118.7774,60.67,36,40,5.75,scattered clouds
414,Muros,ES,2022-03-22 20:12:50,42.7762,-9.0603,55.69,88,100,7.38,overcast clouds
415,Chiman,PK,2022-03-22 20:12:51,32.5463,73.8138,69.24,30,0,3.27,clear sky
416,Warrnambool,AU,2022-03-22 20:12:51,-38.3833,142.4833,58.8,64,100,13.27,overcast clouds
417,Novosergiyevka,RU,2022-03-22 20:12:51,52.0934,53.6528,13.82,97,83,6.24,broken clouds
418,Ndele,CF,2022-03-22 20:12:53,8.4109,20.6473,82.98,13,42,1.43,scattered clouds
419,Cayenne,GF,2022-03-22 20:12:53,4.9333,-52.3333,75.24,1,75,3.44,light rain
420,Kavieng,PG,2022-03-22 20:12:54,-2.5744,150.7967,81.14,77,100,9.57,light rain
421,Rincon,US,2022-03-22 20:12:54,32.296,-81.2354,75.9,48,75,16.11,broken clouds
422,Geraldton,AU,2022-03-22 20:12:54,-28.7667,114.6,59.41,72,0,5.75,clear sky
423,Broome,US,2022-03-22 20:12:55,42.2506,-75.833,48.65,30,0,11.5,clear sky
424,Houma,US,2022-03-22 20:12:08,29.5958,-90.7195,78.8,88,100,25.32,haze
425,Goure,NE,2022-03-22 20:12:55,13.9835,10.2704,88.02,12,61,12.08,broken clouds
426,Irtyshskiy,RU,2022-03-22 20:12:56,58.3333,68.1333,23.11,95,100,9.33,overcast clouds
427,Tocantins,BR,2022-03-22 20:08:36,-10.5,-48.0,84.49,74,97,1.97,overcast clouds
428,Krasnoselkup,RU,2022-03-22 20:12:56,65.7,82.4667,-13.36,100,89,5.84,overcast clouds
429,Pochinki,RU,2022-03-22 20:12:56,54.6988,44.8668,31.44,98,61,8.41,broken clouds
430,Cairns,AU,2022-03-22 20:12:57,-16.9167,145.7667,72.07,93,22,9.22,few clouds
431,Skegness,GB,2022-03-22 20:11:16,53.1436,0.3363,52.34,89,8,9.28,clear sky
432,La Ronge,CA,2022-03-22 20:12:57,55.1001,-105.2842,32.74,89,95,8.79,overcast clouds
433,Cururupu,BR,2022-03-22 20:12:58,-1.8283,-44.8683,75.63,96,100,1.12,heavy intensity rain
434,Elko,US,2022-03-22 20:12:58,41.0002,-115.5012,53.62,54,94,5.88,overcast clouds
435,Clyde River,CA,2022-03-22 20:12:58,70.4692,-68.5914,-10.35,96,61,0.78,broken clouds
436,Merritt,CA,2022-03-22 20:12:59,50.1123,-120.7942,44.65,93,100,1.95,overcast clouds
437,Nikolayevskaya,RU,2022-03-22 20:12:59,47.6139,41.5023,32.16,71,0,7.0,clear sky
438,Belle Fourche,US,2022-03-22 20:13:00,44.6714,-103.8522,48.31,34,100,25.5,overcast clouds
439,Yar-Sale,RU,2022-03-22 20:13:00,66.8333,70.8333,15.49,95,100,13.09,light snow
440,Young,UY,2022-03-22 20:13:00,-32.6833,-57.6333,65.84,94,100,7.54,overcast clouds
441,Barranca De Upia,CO,2022-03-22 20:13:01,4.5696,-72.9668,81.5,66,95,6.15,overcast clouds
442,Namikupa,TZ,2022-03-22 20:13:01,-10.8333,39.6,70.83,98,10,1.25,clear sky
443,Khotyn,UA,2022-03-22 20:13:01,48.4833,26.5,46.65,54,0,3.15,clear sky
444,Los Llanos De Aridane,ES,2022-03-22 20:13:02,28.6585,-17.9182,62.35,84,20,9.22,few clouds
445,Ambulu,ID,2022-03-22 20:13:02,-8.345,113.6058,75.36,88,99,2.46,overcast clouds
446,Cherskiy,RU,2022-03-22 20:13:02,68.75,161.3,12.04,86,11,7.36,few clouds
447,Smidovich,RU,2022-03-22 20:13:03,48.6,133.8167,7.59,96,97,4.99,overcast clouds
448,Berlevag,NO,2022-03-22 20:13:03,70.8578,29.0864,31.95,86,75,25.32,light snow
449,Rocha,UY,2022-03-22 20:13:03,-34.4833,-54.3333,72.88,66,100,9.86,moderate rain
450,Lasa,IT,2022-03-22 20:10:55,46.6166,10.7002,42.03,66,1,1.59,clear sky
451,Messina,IT,2022-03-22 20:13:04,38.1933,15.5497,51.78,56,40,5.75,scattered clouds
452,Baishishan,CN,2022-03-22 20:13:04,43.5833,127.5667,25.5,82,100,2.95,overcast clouds
453,Zhaoyuan,CN,2022-03-22 20:13:05,37.3592,120.3964,41.0,61,100,7.99,overcast clouds
454,Bayaguana,DO,2022-03-22 20:13:05,18.7564,-69.6362,85.55,32,0,11.03,clear sky
455,Kiunga,PG,2022-03-22 20:13:05,-6.1219,141.2906,73.29,100,100,2.8,moderate rain
456,Greensburg,US,2022-03-22 20:13:06,40.3015,-79.5389,61.02,60,75,8.05,broken clouds
457,Ingham,US,2022-03-22 20:14:06,42.6,-84.3833,46.78,58,100,14.97,overcast clouds
458,Ferme-Neuve,CA,2022-03-22 20:14:06,46.7001,-75.4493,33.24,60,100,11.23,overcast clouds
459,Ancud,CL,2022-03-22 20:14:07,-41.8697,-73.8203,54.23,87,100,18.52,light rain
460,Galle,LK,2022-03-22 20:14:07,6.0367,80.217,79.57,82,58,8.12,broken clouds
461,Shenjiamen,CN,2022-03-22 20:14:07,29.9576,122.298,46.78,80,100,18.37,overcast clouds
462,Tateyama,JP,2022-03-22 20:14:12,34.9833,139.8667,38.1,75,93,15.88,overcast clouds
463,Suhbaatar,MN,2022-03-22 20:14:13,50.2314,106.2078,9.64,95,65,1.07,broken clouds
464,Ankazobe,MG,2022-03-22 20:14:13,-18.3167,47.1167,65.41,91,87,4.12,overcast clouds
465,Marsh Harbour,BS,2022-03-22 20:14:13,26.5412,-77.0636,74.28,61,0,18.88,clear sky
466,Komsomolskiy,UZ,2022-03-22 20:14:14,40.4272,71.7189,52.63,66,100,3.49,overcast clouds
467,Santa Maria Del Oro,MX,2022-03-22 20:14:14,25.9333,-105.3667,74.35,5,0,7.94,clear sky
468,Sept-Iles,CA,2022-03-22 20:14:14,50.2001,-66.3821,39.06,55,100,13.0,overcast clouds
469,Qandala,SO,2022-03-22 20:14:15,11.472,49.8728,80.74,65,4,4.14,clear sky
470,Rabo De Peixe,PT,2022-03-22 20:14:15,37.8,-25.5833,61.29,78,20,5.75,few clouds
471,Byron Bay,AU,2022-03-22 20:14:16,-28.65,153.6167,62.94,89,11,6.02,few clouds
472,Antalaha,MG,2022-03-22 20:14:16,-14.9003,50.2788,75.65,92,52,6.42,broken clouds
473,Plettenberg Bay,ZA,2022-03-22 20:13:29,-34.0527,23.3716,69.13,91,45,5.66,scattered clouds
474,Utica,US,2022-03-22 20:13:22,43.1009,-75.2327,49.39,38,41,4.0,scattered clouds
475,Presidencia Roque Saenz Pena,AR,2022-03-22 20:14:17,-26.7852,-60.4388,89.28,50,59,3.6,light rain
476,Provost,CA,2022-03-22 20:14:17,52.3501,-110.2683,42.53,70,7,4.52,clear sky
477,Kyra,RU,2022-03-22 20:14:18,49.5776,111.9753,11.8,87,41,5.77,scattered clouds
478,Derzhavinsk,KZ,2022-03-22 20:14:18,51.1,66.3167,12.06,97,76,9.86,broken clouds
479,Mogadishu,SO,2022-03-22 20:14:18,2.0371,45.3438,79.38,77,4,13.38,clear sky
480,Joniskis,LT,2022-03-22 20:14:19,56.2403,23.6153,40.12,57,7,6.6,clear sky
481,Zheleznodorozhnyy,RU,2022-03-22 20:14:19,55.7503,38.0042,43.32,94,0,4.81,clear sky
482,Holme,DK,2022-03-22 20:14:19,56.1138,10.1725,40.95,73,2,3.18,clear sky
483,Huaiyuan,CN,2022-03-22 20:14:20,32.973,117.1995,41.9,87,65,4.59,broken clouds
484,Anjiang,CN,2022-03-22 20:14:20,27.3194,110.1031,42.93,95,37,3.38,scattered clouds
485,Praya,CV,2022-03-22 20:14:21,14.9215,-23.5087,70.34,73,20,19.57,few clouds
486,Caconda,AO,2022-03-22 20:14:21,-13.7333,15.0667,62.85,93,100,2.53,light rain
487,Curup,ID,2022-03-22 20:14:21,-3.4667,102.5333,66.31,95,100,1.23,overcast clouds
488,Griffith,US,2022-03-22 20:14:22,41.5284,-87.4237,57.06,76,100,17.27,overcast clouds
489,Topdac,PH,2022-03-22 20:14:22,16.5553,120.7116,58.59,83,68,2.98,broken clouds
490,Callaway,US,2022-03-22 20:14:22,30.153,-85.5699,77.92,69,40,19.57,scattered clouds
491,Ust-Ilimsk,RU,2022-03-22 20:12:11,58.0006,102.6619,9.09,98,100,4.05,overcast clouds
492,Sarramea,NC,2022-03-22 20:14:23,-21.6421,165.8452,74.71,82,99,5.28,overcast clouds
493,Paamiut,GL,2022-03-22 20:14:23,61.994,-49.6678,21.04,76,100,7.58,overcast clouds
494,Daru,PG,2022-03-22 20:14:24,-9.0763,143.2092,77.63,89,100,4.97,overcast clouds
495,Nicolae Balcescu,RO,2022-03-22 20:14:24,46.4667,26.9167,41.2,48,0,8.99,clear sky
496,Zhob,PK,2022-03-22 20:14:24,31.3411,69.4481,65.07,23,0,3.51,clear sky
497,Dwarka,IN,2022-03-22 20:14:25,22.2394,68.9678,75.36,76,5,10.2,clear sky
498,Ornskoldsvik,SE,2022-03-22 20:14:25,63.2909,18.7153,38.35,56,100,3.44,overcast clouds
499,Boa Vista,BR,2022-03-22 20:14:25,2.8197,-60.6733,91.38,40,40,11.5,scattered clouds
500,Marmora,IT,2022-03-22 20:14:26,44.4583,7.094,36.1,51,2,3.47,clear sky
501,Porto Belo,BR,2022-03-22 20:14:26,-27.1578,-48.5531,77.18,70,19,11.72,few clouds
502,Narsaq,GL,2022-03-22 20:14:26,60.9167,-46.05,21.42,69,100,1.39,overcast clouds
503,Ergani,TR,2022-03-22 20:15:27,38.2653,39.7621,36.81,96,100,3.4,overcast clouds
504,Rio Negrinho,BR,2022-03-22 20:15:27,-26.2544,-49.5183,62.94,72,68,6.67,broken clouds
505,Elk Grove,US,2022-03-22 20:14:43,38.4088,-121.3716,79.03,41,0,5.75,clear sky
506,Zhigansk,RU,2022-03-22 20:15:28,66.7697,123.3711,-8.27,100,97,5.28,overcast clouds
507,Viedma,AR,2022-03-22 20:15:28,-40.8135,-62.9967,79.38,21,2,10.85,clear sky
508,Kourou,GF,2022-03-22 20:15:28,5.1552,-52.6478,75.25,89,75,8.93,moderate rain
509,Aden,YE,2022-03-22 20:14:28,12.7794,45.0367,78.82,81,100,14.56,overcast clouds
510,Catamarca,AR,2022-03-22 20:15:29,-28.4696,-65.7852,84.78,44,19,2.82,few clouds
511,Chimore,BO,2022-03-22 20:15:29,-16.9833,-65.1333,82.24,74,100,1.63,overcast clouds
512,Lorengau,PG,2022-03-22 20:15:30,-2.0226,147.2712,80.89,78,100,6.29,overcast clouds
513,Jacmel,HT,2022-03-22 20:15:30,18.2342,-72.5347,89.44,55,34,11.77,scattered clouds
514,Samarai,PG,2022-03-22 20:15:30,-10.6167,150.6667,82.09,78,89,11.07,overcast clouds
515,Borazjan,IR,2022-03-22 20:15:31,29.2666,51.2159,75.87,24,0,5.68,clear sky
516,Codajas,BR,2022-03-22 20:15:31,-3.8367,-62.0569,82.22,89,82,1.14,broken clouds
517,Sabzevar,IR,2022-03-22 20:15:32,36.2126,57.6819,49.28,53,40,13.8,scattered clouds
518,Port Blair,IN,2022-03-22 20:15:32,11.6667,92.75,78.82,75,100,3.2,overcast clouds
519,Inuvik,CA,2022-03-22 20:15:32,68.3499,-133.7218,-3.14,71,75,12.66,light snow
520,Preobrazheniye,RU,2022-03-22 20:15:33,42.9019,133.9064,30.27,71,100,6.38,overcast clouds
521,Caribou,US,2022-03-22 20:15:33,46.8606,-68.012,30.47,53,40,23.02,scattered clouds
522,Fernie,CA,2022-03-22 20:15:33,49.5,-115.0687,50.09,84,100,5.08,overcast clouds
523,Roald,NO,2022-03-22 20:15:34,62.5833,6.1333,44.76,93,20,4.61,few clouds
524,Georgiyevka,KZ,2022-03-22 20:15:34,43.0369,74.7114,33.84,93,75,8.95,snow
525,Carutapera,BR,2022-03-22 20:15:34,-1.195,-46.02,76.96,93,100,3.98,overcast clouds
526,Coos Bay,US,2022-03-22 20:14:45,43.3665,-124.2179,72.32,88,0,10.36,clear sky
527,Ishigaki,JP,2022-03-22 20:15:35,24.3448,124.1572,69.93,100,100,11.5,overcast clouds
528,Khorixas,NA,2022-03-22 20:15:35,-20.3667,14.9667,77.41,57,77,7.83,broken clouds
529,Kvarkeno,RU,2022-03-22 20:15:36,52.0833,59.725,14.59,92,21,11.39,few clouds
530,Arnold,GB,2022-03-22 20:15:36,53.0,-1.1333,54.48,83,82,4.81,broken clouds
531,Mujiayingzi,CN,2022-03-22 20:15:36,42.1167,118.7833,26.94,65,9,8.93,clear sky
532,Necochea,AR,2022-03-22 20:15:37,-38.5473,-58.7368,77.4,35,15,9.93,few clouds
533,Taicheng,CN,2022-03-22 20:15:37,38.731,113.228,30.36,87,20,3.98,few clouds
534,Caravelas,BR,2022-03-22 20:15:37,-17.7125,-39.2481,75.76,89,41,9.71,scattered clouds
535,Eyl,SO,2022-03-22 20:15:38,7.9803,49.8164,77.09,78,27,6.51,scattered clouds
536,Vizinga,RU,2022-03-22 20:15:38,61.0749,50.1031,33.12,82,100,11.45,overcast clouds
537,Nadvoitsy,RU,2022-03-22 20:15:39,63.8667,34.3167,30.22,94,31,7.63,scattered clouds
538,Palana,RU,2022-03-22 20:15:39,59.1167,159.9667,15.85,91,100,7.18,overcast clouds
539,Nabire,ID,2022-03-22 20:15:39,-3.3667,135.4833,76.44,90,100,2.24,overcast clouds
540,Ayia Marina,GR,2022-03-22 20:15:40,37.75,23.5333,46.56,67,100,26.89,overcast clouds
541,Nuuk,GL,2022-03-22 20:13:29,64.1835,-51.7216,12.81,85,75,16.11,broken clouds
542,Moose Jaw,CA,2022-03-22 20:15:40,50.4001,-105.5344,46.67,42,20,20.71,few clouds
543,Greytown,ZA,2022-03-22 20:15:40,-29.0642,30.5928,57.16,99,76,1.86,broken clouds
544,Chumikan,RU,2022-03-22 20:15:41,54.7183,135.315,8.22,84,45,12.66,scattered clouds
545,Kununurra,AU,2022-03-22 20:15:41,-15.7667,128.7333,80.58,94,83,5.75,broken clouds
546,Bitung,ID,2022-03-22 20:15:42,1.4451,125.1824,76.05,81,100,8.32,moderate rain
547,Airdrie,GB,2022-03-22 20:11:46,55.866,-3.9803,54.05,72,95,4.03,overcast clouds
548,Toora-Khem,RU,2022-03-22 20:15:42,52.4675,96.11,4.75,98,100,1.12,overcast clouds
549,Jaru,BR,2022-03-22 20:13:04,-10.4389,-62.4664,83.34,79,51,3.47,broken clouds
550,Charters Towers,AU,2022-03-22 20:16:42,-20.1,146.2667,66.65,89,4,5.99,clear sky
551,Sao Joao Do Paraiso,BR,2022-03-22 20:15:49,-15.3136,-42.0144,77.11,60,48,11.14,light rain
552,Shagonar,RU,2022-03-22 20:16:43,51.5333,92.8,6.3,95,100,2.64,overcast clouds
553,Maraa,BR,2022-03-22 20:16:43,-1.8333,-65.3667,81.39,85,82,0.22,broken clouds
554,Bartica,GY,2022-03-22 20:16:44,6.4,-58.6167,84.52,76,96,5.46,overcast clouds
555,Sao Felix Do Xingu,BR,2022-03-22 20:16:44,-6.6447,-51.995,82.92,77,100,2.98,overcast clouds
556,Namibe,AO,2022-03-22 20:16:44,-15.1961,12.1522,74.86,79,95,9.66,overcast clouds
557,Panalingaan,PH,2022-03-22 20:16:45,8.7842,117.4231,77.7,87,85,2.57,overcast clouds
558,Ewa Beach,US,2022-03-22 20:16:45,21.3156,-158.0072,80.55,66,0,11.5,clear sky
559,Cozumel,MX,2022-03-22 20:16:45,20.5083,-86.9458,86.07,75,40,13.0,scattered clouds
560,Smolenka,RU,2022-03-22 20:16:46,52.1352,113.4974,12.27,62,86,6.71,overcast clouds
561,Ostrovnoy,RU,2022-03-22 20:16:46,68.0531,39.5131,30.06,83,99,20.62,overcast clouds
562,Bayan,CN,2022-03-22 20:16:46,46.0833,127.4,25.34,75,70,6.4,broken clouds
563,Kaduna,NG,2022-03-22 20:16:47,10.5222,7.4383,83.88,15,100,2.24,overcast clouds
564,Myski,RU,2022-03-22 20:12:00,53.709,87.8014,25.16,91,100,7.29,overcast clouds
565,Asfi,MA,2022-03-22 20:16:47,32.2994,-9.2372,59.85,84,86,9.86,overcast clouds
566,Businga,CD,2022-03-22 20:16:48,3.3333,20.8833,75.96,80,99,4.7,overcast clouds
567,Graaff-Reinet,ZA,2022-03-22 20:16:48,-32.2522,24.5308,71.42,51,29,1.95,scattered clouds
568,Atar,MR,2022-03-22 20:16:49,20.5169,-13.0499,83.07,11,0,10.36,clear sky
569,Dire,ML,2022-03-22 20:16:49,12.2833,-10.9667,93.76,26,47,1.61,light rain
570,Palmares Do Sul,BR,2022-03-22 20:16:49,-30.2578,-50.5097,73.85,72,100,23.09,overcast clouds
571,Paithan,IN,2022-03-22 20:16:50,19.4833,75.3833,83.79,19,11,4.41,few clouds
572,Champerico,GT,2022-03-22 20:16:50,14.3,-91.9167,86.54,58,31,15.7,scattered clouds
573,Camana,PE,2022-03-22 20:16:50,-16.6228,-72.7111,73.42,71,23,7.83,few clouds
574,Ketchikan,US,2022-03-22 20:16:51,55.3422,-131.6461,42.78,93,100,12.66,light rain
575,La Rioja,ES,2022-03-22 20:13:49,42.25,-2.5,40.78,88,96,7.16,overcast clouds
576,Ballarat,AU,2022-03-22 20:16:51,-37.5662,143.8496,51.4,67,88,7.76,overcast clouds
577,Mahanoro,MG,2022-03-22 20:16:51,-19.9,48.8,75.92,85,80,4.18,light rain
578,Pansoy,PH,2022-03-22 20:16:52,13.1825,122.5989,77.59,86,100,5.26,overcast clouds
579,Mayo,US,2022-03-22 20:16:52,38.8876,-76.5119,70.11,49,0,8.99,clear sky
580,Itoman,JP,2022-03-22 20:14:32,26.1247,127.6694,66.97,96,75,11.5,light rain
581,Pala,TD,2022-03-22 20:16:53,9.3642,14.9046,88.43,9,94,1.77,overcast clouds
582,Dong Xoai,VN,2022-03-22 20:16:53,11.5333,106.9167,74.5,90,100,1.66,overcast clouds
583,Bardiyah,LY,2022-03-22 20:16:53,31.7561,25.0865,51.42,61,15,23.13,few clouds
584,Gumdag,TM,2022-03-22 20:16:54,39.2061,54.5906,40.91,85,100,4.65,overcast clouds
585,Salinopolis,BR,2022-03-22 20:16:54,-0.6136,-47.3561,78.62,87,100,3.42,overcast clouds
586,Santa Rita,BR,2022-03-22 20:16:54,-7.1139,-34.9781,83.07,83,75,6.91,broken clouds
587,Redmond,US,2022-03-22 20:16:04,47.674,-122.1215,62.01,90,100,1.99,overcast clouds
588,Tofield,CA,2022-03-22 20:16:55,53.3668,-112.6686,40.98,94,45,9.33,scattered clouds
589,Bichura,RU,2022-03-22 20:12:16,50.5881,107.6022,10.92,96,100,2.42,overcast clouds
590,Shumskiy,RU,2022-03-22 20:16:55,54.8318,99.1328,16.97,92,100,4.14,overcast clouds
591,Morondava,MG,2022-03-22 20:16:56,-20.2833,44.2833,80.06,75,71,6.35,broken clouds
592,Margate,GB,2022-03-22 20:15:01,51.3813,1.3862,54.3,73,96,1.99,overcast clouds
593,Loningen,DE,2022-03-22 20:16:56,52.7333,7.7667,50.18,62,0,6.11,clear sky
594,Bagdarin,RU,2022-03-22 20:12:16,54.4333,113.6,1.89,97,58,4.0,broken clouds
595,Oktyabrskiy,RU,2022-03-22 20:16:57,54.4815,53.471,30.36,94,100,11.56,overcast clouds
596,Vanimo,PG,2022-03-22 20:16:57,-2.6741,141.3028,78.22,83,100,1.1,light rain
597,Yanji,CN,2022-03-22 20:16:57,42.9075,129.5078,30.69,73,100,0.69,overcast clouds
598,Lompoc,US,2022-03-22 20:13:49,34.6391,-120.4579,85.59,26,8,8.01,clear sky
599,Oranjemund,NA,2022-03-22 20:17:58,-28.55,16.4333,64.78,88,96,3.53,overcast clouds
600,Fenoarivo,MG,2022-03-22 20:17:58,-18.933,47.4354,64.47,94,40,5.75,scattered clouds
601,Koppies,ZA,2022-03-22 20:17:59,-27.2418,27.5742,64.09,52,29,6.64,scattered clouds
602,Srednekolymsk,RU,2022-03-22 20:17:59,67.45,153.6833,5.16,97,100,2.93,overcast clouds
603,Da Nang,VN,2022-03-22 20:17:59,16.0678,108.2208,78.78,89,20,2.3,few clouds
604,Mongo,TD,2022-03-22 20:18:00,12.1844,18.693,88.11,9,100,3.18,overcast clouds
605,Usinsk,RU,2022-03-22 20:18:00,65.9939,57.5281,24.49,87,100,28.43,overcast clouds
606,Ust-Barguzin,RU,2022-03-22 20:18:00,53.45,108.9833,9.32,99,90,3.0,overcast clouds
607,Meybod,IR,2022-03-22 20:18:01,32.2501,54.0166,64.42,33,28,17.29,scattered clouds
608,Sistranda,NO,2022-03-22 20:18:01,63.7256,8.834,40.96,86,56,19.91,broken clouds
609,Luganville,VU,2022-03-22 20:18:01,-15.5333,167.1667,78.75,86,92,3.69,overcast clouds
610,Macin,RO,2022-03-22 20:18:02,45.2437,28.1356,36.25,69,0,5.48,clear sky
611,Erenhot,CN,2022-03-22 20:18:02,43.6475,111.9767,29.73,45,0,10.27,clear sky
612,Novyy Urengoy,RU,2022-03-22 20:18:03,66.0833,76.6333,-0.51,96,100,9.4,overcast clouds
613,Asenovgrad,BG,2022-03-22 20:18:03,42.0167,24.8667,42.51,56,89,9.22,overcast clouds
614,Hot Springs,US,2022-03-22 20:18:02,34.5037,-93.0552,60.51,87,100,6.91,overcast clouds
615,Liwonde,MW,2022-03-22 20:18:04,-15.0506,35.2035,66.85,95,16,3.49,few clouds
616,Mormugao,IN,2022-03-22 20:18:04,15.4,73.8,81.66,78,20,5.75,few clouds
617,Muravlenko,RU,2022-03-22 20:18:04,63.7898,74.523,-4.29,100,100,8.23,overcast clouds
618,Rudbar,AF,2022-03-22 20:18:05,30.15,62.6,73.98,11,0,1.34,clear sky
619,Puerto Penasco,MX,2022-03-22 20:17:58,31.3167,-113.5333,74.91,34,1,1.01,clear sky
620,Chimbote,PE,2022-03-22 20:18:05,-9.0853,-78.5783,74.93,73,9,12.06,clear sky
621,Novikovo,RU,2022-03-22 20:18:06,51.1537,37.8879,33.49,90,100,7.45,overcast clouds
622,Taoudenni,ML,2022-03-22 20:18:06,22.6783,-3.9836,79.81,12,0,10.02,clear sky
623,Buala,SB,2022-03-22 20:18:07,-8.145,159.5921,79.92,81,100,3.91,overcast clouds
624,Nizhniy Baskunchak,RU,2022-03-22 20:18:07,48.2198,46.8311,29.25,84,5,4.92,clear sky
625,Mersing,MY,2022-03-22 20:17:15,2.4312,103.8405,78.71,94,100,2.3,overcast clouds
626,Maravilha,BR,2022-03-22 20:18:07,-26.7608,-53.1725,77.61,62,99,4.07,overcast clouds
627,Saint-Pierre,RE,2022-03-22 20:18:08,-21.3393,55.4781,78.48,87,0,8.05,clear sky
628,Kampot,KH,2022-03-22 20:18:08,10.6167,104.1833,79.99,82,100,2.35,overcast clouds
629,Cayambe,EC,2022-03-22 20:18:09,0.05,-78.1333,63.66,70,81,2.64,light rain
630,Fukue,JP,2022-03-22 20:17:10,32.6881,128.8419,53.67,64,100,16.78,light rain
631,Tautira,PF,2022-03-22 20:18:09,-17.7333,-149.15,80.06,76,70,11.65,light rain
632,Urshelskiy,RU,2022-03-22 20:18:10,55.6783,40.2169,28.96,96,0,4.14,clear sky
633,Taonan,CN,2022-03-22 20:18:10,45.3333,122.7833,28.76,51,29,6.78,scattered clouds
634,Cloquet,US,2022-03-22 20:18:10,46.7216,-92.4594,32.65,93,100,6.91,snow
635,Edgewater,US,2022-03-22 20:18:11,28.9889,-80.9023,84.16,57,40,18.41,scattered clouds
636,Tifton,US,2022-03-22 20:18:11,31.4505,-83.5085,78.04,48,40,11.5,scattered clouds
637,Caraguatatuba,BR,2022-03-22 20:18:11,-23.6338,-45.4899,73.76,75,42,6.2,scattered clouds
638,Hovd,MN,2022-03-22 20:18:12,48.0056,91.6419,25.03,42,100,7.96,overcast clouds
639,Nkpor,NG,2022-03-22 20:18:12,6.1516,6.8446,84.34,62,100,12.3,overcast clouds
640,At-Bashi,KG,2022-03-22 20:18:12,41.1702,75.8106,32.11,81,100,2.13,overcast clouds
641,Kuusamo,FI,2022-03-22 20:18:13,65.9667,29.1833,33.84,69,0,9.22,clear sky
642,Salon-De-Provence,FR,2022-03-22 20:16:22,43.6407,5.0954,50.88,63,0,5.75,clear sky
643,Kulynychi,UA,2022-03-22 20:18:13,49.9823,36.3842,30.33,96,10,1.59,clear sky
644,Aguimes,ES,2022-03-22 20:19:14,27.9054,-15.4461,61.66,59,20,15.01,few clouds
645,Montepuez,MZ,2022-03-22 20:19:14,-13.1256,38.9997,72.79,82,100,3.27,overcast clouds
646,Farmington,US,2022-03-22 20:16:56,36.7281,-108.2187,56.08,17,0,16.11,clear sky
647,Kedrovyy,RU,2022-03-22 20:19:15,56.1667,91.8167,23.41,91,100,7.11,overcast clouds
648,Caraballeda,VE,2022-03-22 20:19:15,10.6112,-66.8522,89.85,61,20,10.36,few clouds
649,Mangrol,IN,2022-03-22 20:19:15,21.1167,70.1167,77.63,44,3,16.73,clear sky
650,Inhambane,MZ,2022-03-22 20:19:16,-23.865,35.3833,73.69,77,53,8.77,broken clouds
651,Tucuman,AR,2022-03-22 20:14:18,-26.8241,-65.2226,80.6,61,40,6.91,scattered clouds
652,Xuddur,SO,2022-03-22 20:19:16,4.1213,43.8894,78.22,58,5,14.76,clear sky
653,Lyuban,BY,2022-03-22 20:19:16,52.7985,28.0048,44.08,68,0,4.83,clear sky
654,Uige,AO,2022-03-22 20:19:17,-7.6087,15.0613,67.28,98,100,2.84,light rain
655,Bowen,AU,2022-03-22 20:19:17,-20.0167,148.2333,72.57,82,4,7.58,clear sky
656,Khirkiya,IN,2022-03-22 20:19:17,22.1674,76.8605,82.54,17,10,2.55,clear sky
657,Kautokeino,NO,2022-03-22 20:19:18,69.0125,23.0412,30.96,80,100,14.41,overcast clouds
658,King City,US,2022-03-22 20:15:01,36.2127,-121.126,79.79,32,2,3.78,clear sky
659,Sokolo,ML,2022-03-22 20:19:18,14.7328,-6.1219,91.9,11,6,7.83,clear sky
660,Asau,RO,2022-03-22 20:19:19,46.4333,26.4,38.32,73,3,4.65,clear sky
661,Muyezerskiy,RU,2022-03-22 20:19:19,63.9333,31.65,31.05,95,95,7.34,overcast clouds
662,Nauta,PE,2022-03-22 20:19:20,-4.5061,-73.5757,83.25,76,62,3.44,broken clouds
663,Markova,UA,2022-03-22 20:19:20,48.6758,24.4138,39.11,70,0,4.21,clear sky
664,Piacabucu,BR,2022-03-22 20:19:20,-10.4056,-36.4344,81.93,71,72,9.33,broken clouds
665,Cherdyn,RU,2022-03-22 20:19:21,60.403,56.4787,29.05,84,100,12.35,overcast clouds
666,Namuac,PH,2022-03-22 20:19:21,18.6109,121.1657,78.24,90,96,5.86,overcast clouds
667,Atasu,KZ,2022-03-22 20:19:21,48.6814,71.6433,9.99,98,62,8.55,broken clouds
668,Biltine,TD,2022-03-22 20:19:22,14.5333,20.9167,85.55,11,89,8.72,overcast clouds
669,Half Moon Bay,US,2022-03-22 20:19:22,37.4636,-122.4286,82.62,48,0,1.99,clear sky
670,Skibbereen,IE,2022-03-22 20:19:22,51.55,-9.2667,51.12,90,92,15.48,overcast clouds
671,Saran,FR,2022-03-22 20:18:02,47.9501,1.876,52.93,43,0,6.91,clear sky
672,Blagoyevo,RU,2022-03-22 20:19:23,63.3667,47.9167,29.14,87,100,10.94,overcast clouds
673,Aykhal,RU,2022-03-22 20:19:23,66.0,111.5,0.77,99,100,3.04,overcast clouds
674,Dombarovskiy,RU,2022-03-22 20:19:24,50.7587,59.5386,12.42,97,58,9.51,broken clouds
675,Owasso,US,2022-03-22 20:16:52,36.2695,-95.8547,48.54,81,100,14.97,overcast clouds
676,Maloy,NO,2022-03-22 20:19:24,61.9353,5.1136,41.74,76,9,12.26,clear sky
677,Yaizu,JP,2022-03-22 20:19:25,34.8667,138.3333,42.1,74,100,8.19,overcast clouds
678,Gat,IL,2022-03-22 20:19:25,31.61,34.7642,51.4,63,80,4.97,broken clouds
679,Xichang,CN,2022-03-22 20:19:25,27.8964,102.2634,50.04,80,10,3.24,clear sky
680,Honningsvag,NO,2022-03-22 20:19:26,70.9821,25.9704,29.95,93,100,24.16,light snow
681,Jaciara,BR,2022-03-22 20:19:26,-15.9653,-54.9683,78.93,82,100,0.6,overcast clouds
682,Meaford,CA,2022-03-22 20:15:07,44.6001,-80.583,41.09,50,100,6.06,overcast clouds
683,Andijon,UZ,2022-03-22 20:19:26,40.7821,72.3442,51.08,64,100,2.33,overcast clouds
684,Haradok,BY,2022-03-22 20:19:27,55.4624,29.9816,42.91,93,1,2.77,clear sky
685,Harbour Breton,CA,2022-03-22 20:19:27,47.4833,-55.7983,29.3,88,100,30.69,light snow
686,Vikhorevka,RU,2022-03-22 20:19:27,56.1201,101.1636,20.79,100,100,3.2,overcast clouds
687,Farsund,NO,2022-03-22 20:19:28,58.0948,6.8047,40.95,100,1,6.42,clear sky
688,Puerto El Triunfo,SV,2022-03-22 20:19:28,13.2833,-88.55,99.46,53,77,9.93,broken clouds
689,Renqiu,CN,2022-03-22 20:19:28,38.6989,116.0936,40.23,49,1,2.33,clear sky
690,Muhos,FI,2022-03-22 20:19:29,64.808,25.9931,31.78,94,100,4.21,overcast clouds
691,Beaupre,CA,2022-03-22 20:19:29,47.0443,-70.8953,33.94,51,43,8.05,scattered clouds
692,Todos Santos,MX,2022-03-22 20:19:30,23.45,-110.2167,81.3,69,0,17.54,clear sky
693,Williston,US,2022-03-22 20:17:52,48.147,-103.618,50.81,34,56,8.99,broken clouds
694,Paso De Los Toros,UY,2022-03-22 20:20:30,-32.8167,-56.5167,66.69,91,100,10.45,overcast clouds
695,Longonjo,AO,2022-03-22 20:20:30,-12.9067,15.2533,66.63,91,100,2.59,light rain
696,Monster,NL,2022-03-22 20:20:31,52.0258,4.175,57.97,66,27,5.75,scattered clouds
697,Guilin,CN,2022-03-22 20:18:27,25.2819,110.2864,48.31,86,100,7.09,overcast clouds
698,Gorontalo,ID,2022-03-22 20:20:31,0.5412,123.0595,74.41,96,100,5.79,overcast clouds
699,Moose Factory,CA,2022-03-22 20:20:32,51.2585,-80.6094,19.4,73,0,9.22,clear sky
700,Ginda,IN,2022-03-22 20:20:32,30.6945,78.4932,55.58,26,0,7.83,clear sky
701,Maniitsoq,GL,2022-03-22 20:20:32,65.4167,-52.9,6.67,91,95,10.31,overcast clouds
702,Darab,IR,2022-03-22 20:20:33,28.7519,54.5444,64.36,31,0,2.71,clear sky
703,Mpanda,TZ,2022-03-22 20:20:33,-6.3655,31.0409,64.44,95,57,2.68,broken clouds
704,Kushmurun,KZ,2022-03-22 20:20:34,52.4503,64.6311,15.1,91,91,10.76,overcast clouds
705,Chara,RU,2022-03-22 20:20:34,56.9064,118.2631,8.13,80,99,0.98,overcast clouds
706,Saint-Francois,FR,2022-03-22 20:20:34,46.4154,3.9054,45.68,52,0,8.05,clear sky
